timestamp,open,high,low,close,volume
2019-04-26 01:30:00,10930.9102,10930.9102,10930.9102,10930.9102,0
2019-04-26 01:29:00,10930.9102,10930.9102,10930.9102,10930.9102,0
2019-04-26 01:28:00,10930.9102,10930.9102,10930.9102,10930.9102,0
2019-04-26 01:27:00,10930.9102,10930.9102,10930.9102,10930.9102,0
2019-04-26 01:26:00,10930.9102,10930.9102,10930.9102,10930.9102,0
2019-04-26 01:25:00,10937.0498,10937.0498,10928.3896,10928.3896,0
2019-04-26 01:24:00,10928.6797,10934.2197,10928.6699,10931.7197,0
2019-04-26 01:23:00,10932.0400,10933.8896,10928.3496,10928.3496,0
2019-04-26 01:22:00,10932.7500,10937.1699,10928.6797,10928.7598,0
2019-04-26 01:21:00,10936.7002,10936.7002,10931.9805,10933.0000,0
2019-04-26 01:20:00,10928.6904,10936.9102,10928.6904,10932.5098,0
2019-04-26 01:19:00,10933.6904,10934.0000,10927.3604,10933.0098,0
2019-04-26 01:18:00,10935.6396,10936.2998,10926.1904,10934.0195,0
2019-04-26 01:17:00,10930.4004,10933.7900,10927.9404,10930.4902,0
2019-04-26 01:16:00,10927.4404,10935.0498,10927.4404,10935.0303,0
2019-04-26 01:15:00,10927.4404,10927.4404,10927.4404,10927.4404,0
2019-04-26 01:14:00,10927.1797,10934.5596,10927.1797,10933.4502,0
2019-04-26 01:13:00,10929.7803,10930.2500,10924.9297,10928.5996,0
2019-04-26 01:12:00,10926.6104,10929.5498,10921.8701,10928.0801,0
2019-04-26 01:11:00,10925.6904,10926.7900,10919.3604,10926.7900,0
2019-04-26 01:10:00,10921.1104,10928.2100,10921.1104,10921.2598,0
2019-04-26 01:09:00,10920.8604,10926.5195,10920.8604,10926.0195,0
2019-04-26 01:08:00,10926.1602,10928.9502,10921.3604,10921.3604,0
2019-04-26 01:07:00,10926.0898,10928.5898,10922.1299,10922.1299,0
2019-04-26 01:06:00,10928.7998,10929.5498,10921.2900,10922.7598,0
2019-04-26 01:05:00,10928.3701,10930.2100,10921.3799,10923.4697,0
2019-04-26 01:04:00,10927.4297,10928.8301,10921.7002,10928.5498,0
2019-04-26 01:03:00,10928.0000,10928.0000,10922.1797,10927.4902,0
2019-04-26 01:02:00,10922.7002,10928.8496,10920.9697,10924.0195,0
2019-04-26 01:01:00,10924.1904,10929.0898,10921.0195,10921.0195,0
2019-04-26 01:00:00,10923.1602,10929.9600,10922.6797,10922.9199,0
2019-04-26 00:59:00,10927.3203,10930.0801,10922.4902,10922.5303,0
2019-04-26 00:58:00,10921.9502,10927.1201,10920.1602,10927.1201,0
2019-04-26 00:57:00,10921.7100,10928.0195,10920.2402,10921.3301,0
2019-04-26 00:56:00,10922.8799,10930.5996,10919.9004,10925.3398,0
2019-04-26 00:55:00,10924.2002,10926.0000,10921.3301,10924.7402,0
2019-04-26 00:54:00,10923.2002,10924.6396,10922.5303,10924.3799,0
2019-04-26 00:53:00,10926.2002,10927.3896,10922.2900,10922.2900,0
2019-04-26 00:52:00,10927.5498,10927.5498,10919.5498,10923.5498,0
2019-04-26 00:51:00,10920.8203,10928.0703,10920.8203,10927.5400,0
2019-04-26 00:50:00,10920.3604,10926.4902,10919.8496,10920.9805,0
2019-04-26 00:49:00,10927.8096,10927.8096,10922.2695,10924.7900,0
2019-04-26 00:48:00,10922.5098,10929.0498,10920.2803,10929.0498,0
2019-04-26 00:47:00,10926.0098,10926.9805,10921.2402,10926.2695,0
2019-04-26 00:46:00,10918.8301,10925.3398,10915.3701,10925.2305,0
2019-04-26 00:45:00,10915.5400,10923.8496,10915.5400,10922.9404,0
2019-04-26 00:44:00,10919.2305,10923.4102,10914.1504,10920.9404,0
2019-04-26 00:43:00,10923.5801,10923.6602,10915.8701,10919.2500,0
2019-04-26 00:42:00,10922.4102,10924.2900,10918.9902,10920.2100,0
2019-04-26 00:41:00,10921.1699,10922.6797,10914.5000,10921.6396,0
2019-04-26 00:40:00,10923.2197,10925.4004,10916.7100,10916.7100,0
2019-04-26 00:39:00,10916.8896,10924.5098,10916.8896,10924.1201,0
2019-04-26 00:38:00,10922.5801,10924.5703,10916.9902,10916.9902,0
2019-04-26 00:37:00,10923.6299,10925.1699,10919.2695,10923.1504,0
2019-04-26 00:36:00,10923.2002,10929.2002,10923.0098,10923.5195,0
2019-04-26 00:35:00,10928.7998,10928.7998,10921.3203,10922.9902,0
2019-04-26 00:34:00,10927.3203,10928.9199,10922.9404,10928.6699,0
2019-04-26 00:33:00,10928.5898,10929.2598,10922.1699,10927.3896,0
2019-04-26 00:32:00,10928.5703,10930.4697,10922.9297,10929.2598,0
2019-04-26 00:31:00,10928.2305,10928.7803,10921.6504,10925.5596,0
2019-04-26 00:30:00,10922.5195,10928.1104,10922.5000,10928.1104,0
2019-04-26 00:29:00,10927.8701,10929.2598,10922.7695,10923.6201,0
2019-04-26 00:28:00,10927.7305,10927.8301,10921.7500,10923.3096,0
2019-04-26 00:27:00,10925.1904,10927.0400,10921.4502,10926.3799,0
2019-04-26 00:26:00,10928.2500,10928.2695,10920.8604,10922.0098,0
2019-04-26 00:25:00,10928.6699,10928.6699,10922.9102,10926.2598,0
2019-04-26 00:24:00,10926.6104,10929.4199,10925.9102,10929.4199,0
2019-04-26 00:23:00,10927.2402,10928.2305,10922.0195,10926.8799,0
2019-04-26 00:22:00,10921.4600,10928.5596,10920.8301,10926.7402,0
2019-04-26 00:21:00,10921.5996,10928.4502,10921.5996,10926.7197,0
2019-04-26 00:20:00,10921.3604,10923.1904,10917.8604,10921.1504,0
2019-04-26 00:19:00,10916.6104,10921.0195,10914.6299,10917.5703,0
2019-04-26 00:18:00,10910.9199,10916.0703,10909.5801,10915.0996,0
2019-04-26 00:17:00,10911.6299,10917.8496,10911.6299,10912.1797,0
2019-04-26 00:16:00,10908.1904,10917.2402,10908.1904,10915.2998,0
2019-04-26 00:15:00,10908.2803,10916.5801,10908.2803,10912.7998,0
2019-04-26 00:14:00,10909.4502,10915.0996,10907.5996,10909.2803,0
2019-04-26 00:13:00,10914.7598,10916.8496,10910.0400,10910.4004,0
2019-04-26 00:12:00,10915.1396,10915.2695,10908.5400,10914.5996,0
2019-04-26 00:11:00,10914.9502,10916.4902,10910.3896,10914.9199,0
2019-04-26 00:10:00,10911.9902,10915.6602,10908.2598,10915.6602,0
2019-04-26 00:09:00,10909.0898,10916.6602,10909.0703,10912.2803,0
2019-04-26 00:08:00,10912.6504,10917.3604,10908.6201,10912.7900,0
2019-04-26 00:07:00,10912.6504,10912.6504,10912.6504,10912.6504,0
2019-04-26 00:06:00,10916.5098,10918.6504,10910.9199,10913.9902,0
2019-04-26 00:05:00,10913.7803,10915.6299,10909.7803,10913.6797,0
2019-04-26 00:04:00,10910.9600,10915.8496,10909.6904,10909.6904,0
2019-04-26 00:03:00,10912.9404,10917.8799,10910.4102,10912.4404,0
2019-04-26 00:02:00,10913.1797,10918.9004,10911.2402,10913.6299,0
2019-04-26 00:01:00,10916.4600,10916.4600,10909.9404,10913.7900,0
2019-04-26 00:00:00,10916.4805,10917.5703,10911.4600,10917.5703,0
2019-04-25 23:59:00,10916.9502,10919.9600,10915.0996,10917.6699,0
2019-04-25 23:58:00,10922.8496,10922.9697,10915.9102,10917.0996,0
2019-04-25 23:57:00,10918.6104,10923.1699,10916.6904,10923.1699,0
2019-04-25 23:56:00,10916.7100,10922.1699,10916.5898,10922.1699,0
2019-04-25 23:55:00,10920.3203,10923.6396,10915.9102,10917.9404,0
2019-04-25 23:54:00,10915.9902,10925.3496,10915.9902,10920.4199,0
2019-04-25 23:53:00,10923.7998,10925.5996,10917.6201,10920.9004,0
2019-04-25 23:52:00,10926.2598,10930.0098,10922.8203,10922.8203,0
2019-04-25 23:51:00,10923.5703,10930.4102,10923.3799,10925.3203,0
2019-04-25 23:50:00,10926.6699,10926.6699,10921.5898,10924.0498,0
2019-04-25 23:49:00,10932.3701,10933.1699,10926.2100,10926.2100,0
2019-04-25 23:48:00,10931.3096,10936.2100,10927.1504,10932.5303,0
2019-04-25 23:47:00,10929.0801,10935.8799,10929.0801,10931.5703,0
2019-04-25 23:46:00,10931.1299,10931.3203,10928.6201,10928.8701,0
2019-04-25 23:45:00,10930.7100,10934.4805,10927.9502,10934.4805,0
2019-04-25 23:44:00,10929.0000,10934.5498,10926.5801,10930.6699,0
2019-04-25 23:43:00,10928.3496,10933.2998,10927.7900,10929.7598,0
2019-04-25 23:42:00,10923.8398,10933.9600,10923.6602,10933.0498,0
2019-04-25 23:41:00,10929.8701,10929.8701,10920.9902,10921.0098,0
2019-04-25 23:40:00,10925.1396,10928.4004,10923.2598,10925.7002,0
2019-04-25 23:39:00,10922.0000,10926.8096,10921.7998,10921.7998,0
2019-04-25 23:38:00,10925.9805,10926.6904,10921.7803,10921.7803,0
2019-04-25 23:37:00,10922.7500,10924.9902,10917.8604,10924.9902,0
2019-04-25 23:36:00,10915.9102,10925.9199,10915.9102,10925.9199,0
2019-04-25 23:35:00,10919.7695,10922.8096,10916.7197,10921.5801,0
2019-04-25 23:34:00,10924.2100,10925.0498,10918.4102,10923.9102,0
2019-04-25 23:33:00,10916.9600,10922.4697,10914.7197,10919.1104,0
2019-04-25 23:32:00,10916.8203,10921.7998,10915.1201,10921.7998,0
2019-04-25 23:31:00,10917.4600,10922.9199,10915.3398,10922.8398,0
2019-04-25 23:30:00,10921.8799,10921.8896,10915.0498,10917.4600,0
2019-04-25 23:29:00,10923.2803,10924.1104,10917.5703,10922.5996,0
2019-04-25 23:28:00,10922.5303,10927.7803,10921.8799,10927.7803,0
2019-04-25 23:27:00,10913.0000,10922.7900,10912.8096,10922.7900,0
2019-04-25 23:26:00,10913.5000,10915.1797,10911.0596,10914.4102,0
2019-04-25 23:25:00,10908.4502,10914.3301,10907.4004,10914.3301,0
2019-04-25 23:24:00,10908.8096,10912.1504,10906.4404,10908.9199,0
2019-04-25 23:23:00,10907.4102,10912.0000,10907.3301,10907.3301,0
2019-04-25 23:22:00,10917.1797,10917.1797,10907.4805,10907.9902,0
2019-04-25 23:21:00,10917.6904,10917.6904,10911.5703,10913.1396,0
2019-04-25 23:20:00,10916.5996,10918.1104,10915.9600,10917.2900,0
2019-04-25 23:19:00,10919.6797,10922.2100,10915.2002,10916.7197,0
2019-04-25 23:18:00,10922.5996,10923.5703,10918.7695,10919.4404,0
2019-04-25 23:17:00,10924.0400,10924.8096,10923.4600,10924.6504,0
2019-04-25 23:16:00,10927.0498,10929.1396,10925.1504,10928.9297,0
2019-04-25 23:15:00,10928.4697,10932.0898,10926.9502,10928.9404,0
2019-04-25 23:14:00,10932.4600,10933.2305,10925.6797,10933.2305,0
2019-04-25 23:13:00,10931.7305,10936.2002,10927.2598,10931.4600,0
2019-04-25 23:12:00,10929.4502,10934.7197,10928.8604,10931.8203,0
2019-04-25 23:11:00,10928.6396,10932.6201,10927.9404,10929.5303,0
2019-04-25 23:10:00,10936.8096,10938.2305,10931.0996,10934.2998,0
2019-04-25 23:09:00,10933.5703,10937.4004,10929.2100,10931.9502,0
2019-04-25 23:08:00,10930.9004,10936.0400,10930.0596,10934.8301,0
2019-04-25 23:07:00,10935.2305,10937.1797,10930.2998,10932.0898,0
2019-04-25 23:06:00,10943.7998,10944.4004,10931.5801,10935.1396,0
2019-04-25 23:05:00,10942.8701,10947.9004,10938.3203,10938.7197,0
2019-04-25 23:04:00,10943.0195,10949.5996,10941.9697,10943.9102,0
2019-04-25 23:03:00,10948.3301,10948.3301,10941.7002,10947.2900,0
2019-04-25 23:02:00,10944.9404,10949.0498,10941.8398,10948.7402,0
2019-04-25 23:01:00,10944.1201,10948.9902,10942.1104,10944.8799,0
2019-04-25 23:00:00,10947.5596,10948.2695,10942.7998,10944.0098,0
2019-04-25 22:59:00,10945.2695,10948.7002,10942.6904,10943.7695,0
2019-04-25 22:58:00,10944.5898,10949.4805,10944.1602,10944.7695,0
2019-04-25 22:57:00,10946.1699,10951.0801,10944.2402,10946.4004,0
2019-04-25 22:56:00,10948.0195,10950.4004,10945.2002,10946.5195,0
2019-04-25 22:55:00,10951.2197,10952.3203,10943.2500,10949.2002,0
2019-04-25 22:54:00,10947.8496,10949.9502,10942.1299,10946.2900,0
2019-04-25 22:53:00,10944.4102,10948.4600,10942.8301,10944.0400,0
2019-04-25 22:52:00,10944.5898,10948.6299,10941.0098,10945.0703,0
2019-04-25 22:51:00,10945.4102,10948.6504,10943.4805,10945.2803,0
2019-04-25 22:50:00,10944.9404,10950.9004,10944.9404,10945.7002,0
2019-04-25 22:49:00,10944.7100,10948.5303,10942.0996,10944.5000,0
2019-04-25 22:48:00,10950.8096,10950.8096,10942.8301,10944.1797,0
2019-04-25 22:47:00,10947.6699,10951.1104,10945.5000,10946.0498,0
2019-04-25 22:46:00,10944.1299,10946.5400,10943.9199,10946.0996,0
2019-04-25 22:45:00,10945.0098,10946.5996,10942.8301,10943.9297,0
2019-04-25 22:44:00,10945.2402,10945.9199,10943.3701,10945.9199,0
2019-04-25 22:43:00,10945.0801,10948.9199,10943.5098,10946.2695,0
2019-04-25 22:42:00,10946.3896,10949.5703,10944.7998,10949.5703,0
2019-04-25 22:41:00,10950.3604,10950.8096,10945.9902,10946.1699,0
2019-04-25 22:40:00,10946.6904,10950.7100,10942.5195,10950.7100,0
2019-04-25 22:39:00,10951.4004,10951.4004,10945.5195,10946.7803,0
2019-04-25 22:38:00,10953.3896,10953.3896,10946.4902,10949.9600,0
2019-04-25 22:37:00,10949.4102,10953.8096,10949.4102,10953.8096,0
2019-04-25 22:36:00,10949.0498,10955.2402,10948.8301,10953.9805,0
2019-04-25 22:35:00,10950.0000,10954.2598,10949.0596,10950.6504,0
2019-04-25 22:34:00,10949.4805,10951.7598,10949.3496,10949.8301,0
2019-04-25 22:33:00,10951.2197,10951.2197,10948.9199,10949.6699,0
2019-04-25 22:32:00,10948.6904,10952.2500,10948.2998,10952.2500,0
2019-04-25 22:31:00,10948.6201,10953.6699,10947.4502,10948.9600,0
2019-04-25 22:30:00,10950.2100,10951.4297,10946.2695,10949.8096,0
2019-04-25 22:29:00,10950.2100,10950.2100,10950.2100,10950.2100,0
2019-04-25 22:28:00,10949.2998,10954.5898,10946.3604,10948.0898,0
2019-04-25 22:27:00,10947.5000,10953.2695,10946.5801,10949.0000,0
2019-04-25 22:26:00,10946.8496,10952.7803,10946.6602,10946.9004,0
2019-04-25 22:25:00,10952.4404,10952.8896,10947.7402,10948.4697,0
2019-04-25 22:24:00,10947.4297,10953.4805,10945.7695,10952.7998,0
2019-04-25 22:23:00,10949.9902,10952.5703,10945.1396,10952.5703,0
2019-04-25 22:22:00,10944.4199,10951.6797,10943.7500,10950.0996,0
2019-04-25 22:21:00,10947.5801,10950.0195,10942.5703,10944.0400,0
2019-04-25 22:20:00,10946.6602,10947.0596,10941.5195,10947.0596,0
2019-04-25 22:19:00,10943.2500,10947.7100,10942.3301,10943.8301,0
2019-04-25 22:18:00,10948.0195,10950.7402,10943.5303,10944.3799,0
2019-04-25 22:17:00,10945.1699,10948.4697,10940.2998,10948.4697,0
2019-04-25 22:16:00,10945.9004,10945.9004,10940.0303,10940.4297,0
2019-04-25 22:15:00,10942.0996,10948.7100,10942.0596,10948.7100,0
2019-04-25 22:14:00,10938.9805,10945.3398,10938.3398,10945.3398,0
2019-04-25 22:13:00,10943.6201,10944.2402,10938.0703,10938.0703,0
2019-04-25 22:12:00,10939.0596,10944.1699,10938.9004,10943.6201,0
2019-04-25 22:11:00,10935.5703,10941.1104,10935.5703,10939.0195,0
2019-04-25 22:10:00,10935.8604,10942.1904,10935.2803,10936.0703,0
2019-04-25 22:09:00,10937.7803,10937.7803,10934.9199,10935.2500,0
2019-04-25 22:08:00,10938.4297,10941.5498,10937.3701,10937.6904,0
2019-04-25 22:07:00,10941.5195,10942.6602,10940.3496,10940.7500,0
2019-04-25 22:06:00,10940.0498,10944.4502,10939.2500,10944.4502,0
2019-04-25 22:05:00,10939.6797,10944.6504,10939.5596,10940.5703,0
2019-04-25 22:04:00,10941.7402,10944.9805,10938.4004,10939.9502,0
2019-04-25 22:03:00,10939.5195,10945.0195,10939.3701,10944.7197,0
2019-04-25 22:02:00,10944.6797,10945.2500,10938.9805,10945.2500,0
2019-04-25 22:01:00,10937.8701,10942.6699,10937.4199,10938.5098,0
2019-04-25 22:00:00,10936.9102,10940.9805,10935.9297,10938.0801,0
2019-04-25 21:59:00,10937.3301,10943.1104,10936.5898,10938.2402,0
2019-04-25 21:58:00,10937.3301,10940.1201,10934.0703,10937.6699,0
2019-04-25 21:57:00,10939.7002,10939.7002,10934.9199,10935.8896,0
2019-04-25 21:56:00,10936.4297,10939.7305,10934.1299,10935.9697,0
2019-04-25 21:55:00,10935.8799,10938.9297,10934.3096,10937.8896,0
2019-04-25 21:54:00,10936.1904,10941.1602,10935.0498,10935.5703,0
2019-04-25 21:53:00,10936.5098,10942.2598,10934.4697,10936.0098,0
2019-04-25 21:52:00,10940.1201,10940.2305,10935.3799,10935.6504,0
2019-04-25 21:51:00,10936.6797,10939.9600,10934.6104,10936.5400,0
2019-04-25 21:50:00,10936.7197,10941.5400,10935.9805,10941.5400,0
2019-04-25 21:49:00,10942.1699,10942.1699,10936.1797,10937.4102,0
2019-04-25 21:48:00,10938.2900,10941.4902,10935.4199,10940.7695,0
2019-04-25 21:47:00,10935.2305,10938.3398,10932.9502,10937.9805,0
2019-04-25 21:46:00,10940.6299,10940.6299,10933.9004,10935.6201,0
2019-04-25 21:45:00,10938.8203,10941.2305,10935.4102,10936.5596,0
2019-04-25 21:44:00,10940.7500,10943.4600,10936.8496,10939.0996,0
2019-04-25 21:43:00,10939.1797,10943.4102,10938.0000,10942.3203,0
2019-04-25 21:42:00,10945.2500,10946.1699,10939.3398,10940.1396,0
2019-04-25 21:41:00,10944.2197,10951.3701,10943.2900,10945.7305,0
2019-04-25 21:40:00,10946.0000,10951.1104,10944.5703,10946.4697,0
2019-04-25 21:39:00,10949.5498,10951.8096,10945.5303,10947.0498,0
2019-04-25 21:38:00,10952.1396,10952.9697,10944.0000,10944.8701,0
2019-04-25 21:37:00,10947.8203,10953.1602,10945.6504,10952.7998,0
2019-04-25 21:36:00,10955.7695,10955.7695,10948.9697,10948.9697,0
2019-04-25 21:35:00,10954.9404,10957.0498,10950.3301,10951.0098,0
2019-04-25 21:34:00,10956.1699,10957.6104,10949.0801,10954.8799,0
2019-04-25 21:33:00,10958.3799,10958.6602,10950.9697,10956.9600,0
2019-04-25 21:32:00,10958.3896,10958.8799,10952.6201,10953.5400,0
2019-04-25 21:31:00,10958.8604,10958.8604,10951.9697,10957.9102,0
2019-04-25 21:30:00,10952.6299,10958.0996,10952.0498,10955.7100,0
2019-04-25 21:29:00,10954.0596,10958.3701,10950.1504,10952.2402,0
2019-04-25 21:28:00,10955.6201,10960.2100,10953.4102,10954.3604,0
2019-04-25 21:27:00,10955.7197,10960.9297,10955.7197,10956.1797,0
2019-04-25 21:26:00,10954.0596,10960.4902,10954.0596,10954.4404,0
2019-04-25 21:25:00,10955.0400,10960.8398,10953.8096,10958.6797,0
2019-04-25 21:24:00,10962.6904,10962.6904,10958.0000,10959.2598,0
2019-04-25 21:23:00,10964.0996,10966.0596,10959.5898,10960.1201,0
2019-04-25 21:22:00,10959.4697,10964.1699,10959.4297,10964.1699,0
2019-04-25 21:21:00,10961.1699,10961.1699,10958.9805,10958.9805,0
2019-04-25 21:20:00,10962.0400,10963.0801,10958.6699,10961.2998,0
2019-04-25 21:19:00,10962.1504,10963.4502,10960.8496,10961.4902,0
2019-04-25 21:18:00,10960.3203,10962.1201,10960.3203,10961.9404,0
2019-04-25 21:17:00,10958.8096,10961.4805,10955.1797,10961.4805,0
2019-04-25 21:16:00,10957.0801,10957.7002,10952.0195,10956.5000,0
2019-04-25 21:15:00,10954.4404,10958.0195,10951.6104,10956.7695,0
2019-04-25 21:14:00,10953.2598,10954.9902,10948.6602,10953.4502,0
2019-04-25 21:13:00,10945.7900,10953.7500,10945.7900,10953.7500,0
2019-04-25 21:12:00,10945.9805,10947.3203,10944.0596,10947.3203,0
2019-04-25 21:11:00,10944.8701,10945.7695,10944.0000,10945.7695,0
2019-04-25 21:10:00,10943.0596,10944.8301,10938.4600,10940.9199,0
2019-04-25 21:09:00,10936.8799,10941.0400,10936.8799,10939.0898,0
2019-04-25 21:08:00,10942.2803,10944.0195,10938.5098,10938.5098,0
2019-04-25 21:07:00,10948.6797,10950.5596,10943.4004,10943.4004,0
2019-04-25 21:06:00,10953.2402,10957.9404,10950.2500,10953.2002,0
2019-04-25 21:05:00,10959.5801,10959.5801,10953.5596,10957.6396,0
2019-04-25 21:04:00,10960.7598,10960.7598,10955.2305,10959.9697,0
2019-04-25 21:03:00,10971.7598,10971.7598,10961.4697,10962.4902,0
2019-04-25 21:02:00,10973.9004,10973.9004,10967.3604,10967.3604,0
2019-04-25 21:01:00,10986.5303,10986.5303,10968.1201,10968.1201,0
2019-04-25 01:30:00,11045.1504,11045.1504,11045.1504,11045.1504,0
2019-04-25 01:29:00,11045.1504,11045.1504,11045.1504,11045.1504,0
2019-04-25 01:28:00,11045.1504,11045.1504,11045.1504,11045.1504,0
2019-04-25 01:27:00,11045.1504,11045.1504,11045.1504,11045.1504,0
2019-04-25 01:26:00,11045.1504,11045.1504,11045.1504,11045.1504,0
2019-04-25 01:25:00,11037.1904,11046.7695,11033.3096,11042.8701,0
2019-04-25 01:24:00,11037.6104,11038.5996,11033.1299,11035.2695,0
2019-04-25 01:23:00,11039.8096,11039.8096,11033.1797,11038.7002,0
2019-04-25 01:22:00,11038.9199,11042.3701,11036.4404,11041.5596,0
2019-04-25 01:21:00,11037.1104,11041.3203,11033.9199,11039.6104,0
2019-04-25 01:20:00,11036.6104,11039.0098,11036.6104,11037.2305,0
2019-04-25 01:19:00,11035.7305,11038.2197,11031.6904,11036.9502,0
2019-04-25 01:18:00,11039.4502,11039.4502,11030.2900,11035.8701,0
2019-04-25 01:17:00,11033.3203,11035.5996,11029.1201,11034.6602,0
2019-04-25 01:16:00,11034.0303,11034.8301,11028.7100,11028.7100,0
2019-04-25 01:15:00,11028.0195,11035.2100,11028.0195,11035.2100,0
2019-04-25 01:14:00,11032.7900,11035.4199,11030.5098,11033.6104,0
2019-04-25 01:13:00,11034.0195,11035.6299,11031.9805,11032.8896,0
2019-04-25 01:12:00,11035.4004,11035.4004,11030.3604,11030.3604,0
2019-04-25 01:11:00,11034.8096,11035.6797,11031.0400,11033.6299,0
2019-04-25 01:10:00,11034.5498,11035.3496,11028.2695,11034.8301,0
2019-04-25 01:09:00,11032.4600,11035.2998,11032.2500,11034.4697,0
2019-04-25 01:08:00,11029.0400,11034.8701,11028.5400,11034.8701,0
2019-04-25 01:07:00,11031.9502,11032.8301,11027.0703,11028.5400,0
2019-04-25 01:06:00,11033.2500,11033.2500,11025.1104,11027.1904,0
2019-04-25 01:05:00,11027.8496,11035.1201,11027.8496,11029.2598,0
2019-04-25 01:04:00,11032.9697,11033.9600,11027.4600,11027.5703,0
2019-04-25 01:03:00,11039.1904,11039.1904,11030.6396,11032.5195,0
2019-04-25 01:02:00,11036.5596,11036.6504,11031.8496,11036.5996,0
2019-04-25 01:01:00,11037.1602,11037.1602,11030.9102,11036.7197,0
2019-04-25 01:00:00,11031.5498,11035.9600,11030.4297,11033.1104,0
2019-04-25 00:59:00,11037.4805,11037.4805,11031.7900,11032.3896,0
2019-04-25 00:58:00,11030.8301,11037.6602,11029.0195,11037.6602,0
2019-04-25 00:57:00,11030.7598,11035.5801,11030.3604,11030.9697,0
2019-04-25 00:56:00,11030.6504,11034.9502,11029.7900,11030.9102,0
2019-04-25 00:55:00,11031.2100,11034.9004,11029.0400,11031.5498,0
2019-04-25 00:54:00,11034.5400,11036.9004,11031.4102,11036.3398,0
2019-04-25 00:53:00,11035.5596,11036.4805,11029.4502,11034.0703,0
2019-04-25 00:52:00,11030.4199,11037.0098,11028.2998,11035.6396,0
2019-04-25 00:51:00,11032.1104,11036.4297,11029.3301,11032.0596,0
2019-04-25 00:50:00,11035.6201,11036.2197,11028.9404,11036.2197,0
2019-04-25 00:49:00,11029.8896,11036.1797,11029.1797,11036.1797,0
2019-04-25 00:48:00,11036.5596,11036.7598,11030.6104,11030.6104,0
2019-04-25 00:47:00,11031.8301,11036.7695,11030.2803,11033.2305,0
2019-04-25 00:46:00,11036.0098,11037.0703,11031.2695,11032.6104,0
2019-04-25 00:45:00,11034.1904,11037.3203,11031.0400,11034.1201,0
2019-04-25 00:44:00,11033.6602,11034.8398,11032.5498,11034.4697,0
2019-04-25 00:43:00,11041.8896,11041.8896,11032.3799,11037.2598,0
2019-04-25 00:42:00,11042.8701,11042.8701,11036.2402,11038.0703,0
2019-04-25 00:41:00,11042.9199,11043.4600,11038.0801,11043.4600,0
2019-04-25 00:40:00,11038.7598,11043.3799,11037.5303,11040.6104,0
2019-04-25 00:39:00,11043.2500,11044.1602,11037.5000,11038.2100,0
2019-04-25 00:38:00,11043.0703,11044.5898,11037.0400,11038.5898,0
2019-04-25 00:37:00,11043.0703,11043.0703,11043.0703,11043.0703,0
2019-04-25 00:36:00,11043.2500,11043.2500,11035.4404,11036.9805,0
2019-04-25 00:35:00,11040.2500,11043.4297,11037.6201,11038.4805,0
2019-04-25 00:34:00,11038.0498,11042.2100,11032.8701,11039.2002,0
2019-04-25 00:33:00,11039.8604,11040.2695,11032.7695,11037.1201,0
2019-04-25 00:32:00,11044.3203,11044.8896,11038.5195,11039.7100,0
2019-04-25 00:31:00,11046.0898,11046.0898,11038.2998,11044.7900,0
2019-04-25 00:30:00,11037.2500,11044.8701,11037.2500,11044.8701,0
2019-04-25 00:29:00,11039.4004,11042.5703,11036.1104,11042.5703,0
2019-04-25 00:28:00,11042.6396,11042.7900,11037.3398,11038.7598,0
2019-04-25 00:27:00,11038.4697,11043.4902,11038.0098,11043.4902,0
2019-04-25 00:26:00,11038.6396,11039.9297,11036.9297,11039.0801,0
2019-04-25 00:25:00,11038.3604,11043.2998,11037.0303,11043.2998,0
2019-04-25 00:24:00,11038.9502,11043.7598,11037.8496,11038.1104,0
2019-04-25 00:23:00,11039.4600,11039.7900,11037.4805,11038.5801,0
2019-04-25 00:22:00,11039.1104,11043.4004,11038.2002,11039.9199,0
2019-04-25 00:21:00,11044.4102,11044.7305,11038.1904,11038.4697,0
2019-04-25 00:20:00,11042.9102,11042.9102,11037.0000,11040.3799,0
2019-04-25 00:19:00,11038.1602,11043.6299,11037.8799,11038.1104,0
2019-04-25 00:18:00,11044.8301,11044.8301,11038.3203,11038.7695,0
2019-04-25 00:17:00,11038.0898,11045.6396,11037.2900,11040.2803,0
2019-04-25 00:16:00,11040.2598,11043.3799,11036.6299,11038.0703,0
2019-04-25 00:15:00,11038.3799,11040.5498,11037.7002,11040.2598,0
2019-04-25 00:14:00,11037.4902,11043.6602,11036.7305,11038.3604,0
2019-04-25 00:13:00,11036.3896,11038.2598,11036.3896,11038.2598,0
2019-04-25 00:12:00,11037.5996,11043.5596,11037.2402,11037.4600,0
2019-04-25 00:11:00,11038.9297,11043.2598,11037.5303,11037.5400,0
2019-04-25 00:10:00,11037.0498,11039.6201,11036.7598,11039.2803,0
2019-04-25 00:09:00,11037.5498,11039.1904,11036.5596,11036.8301,0
2019-04-25 00:08:00,11035.5098,11042.7998,11035.5098,11037.1504,0
2019-04-25 00:07:00,11034.9404,11037.1504,11034.3496,11035.4502,0
2019-04-25 00:06:00,11037.2100,11037.6797,11034.6904,11036.9297,0
2019-04-25 00:05:00,11037.2002,11043.7402,11037.2002,11037.4404,0
2019-04-25 00:04:00,11036.5195,11041.7803,11035.4600,11036.9297,0
2019-04-25 00:03:00,11041.2598,11041.2598,11036.4902,11037.2402,0
2019-04-25 00:02:00,11037.7197,11042.7695,11036.0098,11041.6504,0
2019-04-25 00:01:00,11038.1602,11039.1797,11036.7598,11038.0596,0
2019-04-25 00:00:00,11040.5303,11040.5303,11035.7900,11038.4404,0
2019-04-24 23:59:00,11036.2695,11041.1797,11035.0801,11041.1797,0
2019-04-24 23:58:00,11037.7900,11041.0596,11036.0195,11036.2598,0
2019-04-24 23:57:00,11036.9102,11038.1699,11036.3896,11037.6396,0
2019-04-24 23:56:00,11036.3398,11040.9805,11035.3496,11037.2197,0
2019-04-24 23:55:00,11036.4805,11037.7197,11031.8896,11036.5703,0
2019-04-24 23:54:00,11034.4502,11039.9297,11033.1904,11036.3203,0
2019-04-24 23:53:00,11035.0000,11039.2402,11034.0303,11034.9697,0
2019-04-24 23:52:00,11037.5098,11038.9404,11034.3799,11034.3799,0
2019-04-24 23:51:00,11027.8301,11037.8096,11027.8301,11037.8096,0
2019-04-24 23:50:00,11032.8701,11033.9502,11027.3203,11027.6602,0
2019-04-24 23:49:00,11032.4297,11034.8896,11031.0801,11032.7998,0
2019-04-24 23:48:00,11036.0195,11036.1504,11031.5000,11031.5000,0
2019-04-24 23:47:00,11026.2002,11036.2197,11026.2002,11029.0400,0
2019-04-24 23:46:00,11027.7500,11032.2803,11026.2197,11026.2197,0
2019-04-24 23:45:00,11027.2803,11031.4805,11026.6602,11027.4600,0
2019-04-24 23:44:00,11027.4297,11032.7500,11026.8496,11032.3896,0
2019-04-24 23:43:00,11033.1797,11033.9502,11027.1201,11031.4902,0
2019-04-24 23:42:00,11028.0498,11033.2900,11025.7803,11032.6299,0
2019-04-24 23:41:00,11026.6797,11032.6104,11024.7598,11027.3398,0
2019-04-24 23:40:00,11025.6904,11031.2803,11025.3496,11026.3799,0
2019-04-24 23:39:00,11028.5498,11030.7002,11023.9902,11029.7002,0
2019-04-24 23:38:00,11031.0898,11032.0195,11024.0400,11025.5898,0
2019-04-24 23:37:00,11027.7402,11031.9502,11025.9004,11031.1201,0
2019-04-24 23:36:00,11026.0498,11031.2100,11026.0498,11026.8701,0
2019-04-24 23:35:00,11024.6797,11031.0801,11024.6797,11025.5098,0
2019-04-24 23:34:00,11030.0000,11030.0000,11021.8496,11023.3701,0
2019-04-24 23:33:00,11026.2197,11031.3701,11024.5596,11025.0098,0
2019-04-24 23:32:00,11023.4902,11032.2100,11023.4902,11026.7695,0
2019-04-24 23:31:00,11028.1699,11031.3096,11025.5000,11028.0000,0
2019-04-24 23:30:00,11031.3096,11031.3096,11022.6797,11029.4004,0
2019-04-24 23:29:00,11029.2695,11031.2402,11025.1699,11031.2402,0
2019-04-24 23:28:00,11029.1299,11032.3701,11023.7305,11030.4600,0
2019-04-24 23:27:00,11032.8203,11032.8203,11026.1201,11030.7305,0
2019-04-24 23:26:00,11027.7500,11031.2803,11027.1299,11028.3701,0
2019-04-24 23:25:00,11031.4199,11031.4199,11026.0703,11026.0703,0
2019-04-24 23:24:00,11029.0000,11030.8096,11024.8398,11030.5303,0
2019-04-24 23:23:00,11026.7197,11031.3096,11025.7305,11028.7803,0
2019-04-24 23:22:00,11032.7197,11032.8604,11026.1699,11032.0596,0
2019-04-24 23:21:00,11031.7695,11034.2500,11026.1797,11031.8604,0
2019-04-24 23:20:00,11032.3301,11033.6201,11029.6201,11033.5303,0
2019-04-24 23:19:00,11028.4404,11034.2695,11027.6104,11031.9404,0
2019-04-24 23:18:00,11030.9297,11031.5996,11025.8496,11028.2305,0
2019-04-24 23:17:00,11032.9297,11032.9297,11026.0801,11030.1201,0
2019-04-24 23:16:00,11027.2998,11034.2900,11027.2998,11033.9004,0
2019-04-24 23:15:00,11034.1904,11034.1904,11026.9297,11026.9297,0
2019-04-24 23:14:00,11032.6104,11034.0498,11027.7598,11034.0498,0
2019-04-24 23:13:00,11026.3398,11032.7100,11025.5996,11031.9600,0
2019-04-24 23:12:00,11034.1299,11034.1299,11026.8896,11027.1602,0
2019-04-24 23:11:00,11030.6299,11034.9697,11029.5898,11033.0303,0
2019-04-24 23:10:00,11034.3301,11035.1504,11030.7500,11030.7500,0
2019-04-24 23:09:00,11026.4199,11035.2197,11025.2803,11035.2197,0
2019-04-24 23:08:00,11030.2002,11033.1201,11026.4404,11027.3398,0
2019-04-24 23:07:00,11026.7803,11032.2002,11026.1504,11031.4102,0
2019-04-24 23:06:00,11027.4805,11031.4404,11026.7002,11031.4102,0
2019-04-24 23:05:00,11033.5703,11033.5703,11025.7402,11032.5000,0
2019-04-24 23:04:00,11032.6104,11033.7598,11027.8096,11033.6299,0
2019-04-24 23:03:00,11034.0996,11034.0996,11027.8799,11032.0996,0
2019-04-24 23:02:00,11032.4297,11034.2695,11029.7695,11034.2695,0
2019-04-24 23:01:00,11034.2598,11034.2598,11028.4199,11032.0498,0
2019-04-24 23:00:00,11034.0303,11036.0400,11029.4102,11029.7197,0
2019-04-24 22:59:00,11031.0703,11034.9600,11029.8301,11033.4404,0
2019-04-24 22:58:00,11034.7998,11035.3799,11028.7500,11034.9697,0
2019-04-24 22:57:00,11027.6904,11034.9102,11026.0000,11031.4004,0
2019-04-24 22:56:00,11031.4600,11034.2197,11028.0898,11028.0898,0
2019-04-24 22:55:00,11027.4297,11032.2402,11027.3496,11032.2402,0
2019-04-24 22:54:00,11027.4502,11032.2803,11027.3604,11027.4004,0
2019-04-24 22:53:00,11027.2998,11032.1699,11026.9697,11028.0596,0
2019-04-24 22:52:00,11027.4102,11029.5596,11026.8496,11026.8496,0
2019-04-24 22:51:00,11031.5098,11033.2197,11026.6602,11026.6602,0
2019-04-24 22:50:00,11028.5195,11033.6299,11026.3398,11031.0596,0
2019-04-24 22:49:00,11028.5098,11032.4004,11026.9404,11031.3096,0
2019-04-24 22:48:00,11025.6699,11028.9297,11022.8701,11027.9404,0
2019-04-24 22:47:00,11023.8096,11028.3398,11021.7900,11025.9902,0
2019-04-24 22:46:00,11022.5801,11028.8799,11021.7197,11026.7197,0
2019-04-24 22:45:00,11027.5801,11029.2900,11022.6504,11022.9102,0
2019-04-24 22:44:00,11022.6504,11029.6104,11022.6504,11023.4102,0
2019-04-24 22:43:00,11029.7402,11029.7402,11022.1797,11026.6201,0
2019-04-24 22:42:00,11027.7002,11030.7100,11024.1504,11028.7305,0
2019-04-24 22:41:00,11031.2598,11031.9404,11026.2500,11027.6699,0
2019-04-24 22:40:00,11033.6201,11035.0996,11029.2998,11032.0303,0
2019-04-24 22:39:00,11030.0898,11034.8203,11028.9004,11028.9004,0
2019-04-24 22:38:00,11031.0498,11035.5303,11029.8203,11030.2100,0
2019-04-24 22:37:00,11032.2900,11032.7002,11026.0898,11031.2900,0
2019-04-24 22:36:00,11027.7002,11033.7598,11027.7002,11028.4404,0
2019-04-24 22:35:00,11027.7305,11033.3301,11026.7803,11031.5703,0
2019-04-24 22:34:00,11027.4902,11028.8301,11026.9297,11027.4297,0
2019-04-24 22:33:00,11029.1396,11029.2998,11027.8203,11027.9902,0
2019-04-24 22:32:00,11031.4297,11035.2197,11028.7695,11028.7695,0
2019-04-24 22:31:00,11031.3896,11035.5596,11030.4600,11030.5498,0
2019-04-24 22:30:00,11037.5596,11038.1299,11030.7500,11032.0098,0
2019-04-24 22:29:00,11036.6299,11037.6504,11035.1104,11037.6504,0
2019-04-24 22:28:00,11038.2598,11038.7500,11036.2998,11036.2998,0
2019-04-24 22:27:00,11041.5596,11045.1797,11038.2002,11038.3496,0
2019-04-24 22:26:00,11036.5400,11042.9600,11036.5400,11040.8799,0
2019-04-24 22:25:00,11037.7900,11042.7002,11036.3496,11042.7002,0
2019-04-24 22:24:00,11040.7598,11042.7695,11037.1201,11040.4102,0
2019-04-24 22:23:00,11041.8096,11042.3398,11036.0898,11041.2002,0
2019-04-24 22:22:00,11036.2100,11041.8604,11036.2100,11041.8604,0
2019-04-24 22:21:00,11035.8096,11039.6504,11033.9697,11036.4102,0
2019-04-24 22:20:00,11034.2998,11040.4502,11034.2998,11039.0596,0
2019-04-24 22:19:00,11038.6504,11039.0000,11033.4199,11034.2100,0
2019-04-24 22:18:00,11031.9297,11038.1904,11031.9297,11038.1904,0
2019-04-24 22:17:00,11038.3701,11038.9199,11031.7803,11037.1504,0
2019-04-24 22:16:00,11030.9697,11034.3896,11030.2002,11032.4102,0
2019-04-24 22:15:00,11029.7500,11033.6396,11029.4902,11030.9404,0
2019-04-24 22:14:00,11030.7598,11034.6201,11029.4502,11033.8096,0
2019-04-24 22:13:00,11033.3301,11035.3701,11029.4004,11034.4004,0
2019-04-24 22:12:00,11030.7500,11035.4199,11030.2305,11033.8496,0
2019-04-24 22:11:00,11031.7305,11032.6699,11029.6104,11030.6396,0
2019-04-24 22:10:00,11033.3799,11033.9502,11031.0098,11032.0898,0
2019-04-24 22:09:00,11031.0801,11034.3604,11030.8604,11033.5898,0
2019-04-24 22:08:00,11033.9697,11034.1797,11030.9404,11030.9404,0
2019-04-24 22:07:00,11034.3398,11034.5596,11032.8096,11033.4805,0
2019-04-24 22:06:00,11035.7197,11035.9697,11033.0098,11033.6797,0
2019-04-24 22:05:00,11036.1504,11040.4297,11033.2803,11035.2598,0
2019-04-24 22:04:00,11036.8604,11037.8096,11036.2402,11036.9805,0
2019-04-24 22:03:00,11036.7197,11041.9502,11035.7598,11036.0000,0
2019-04-24 22:02:00,11035.0801,11035.0801,11032.8604,11035.0498,0
2019-04-24 22:01:00,11033.6602,11035.6904,11032.4902,11034.0596,0
2019-04-24 22:00:00,11033.6504,11039.2803,11033.5195,11033.7100,0
2019-04-24 21:59:00,11033.6201,11038.9697,11032.7002,11033.2803,0
2019-04-24 21:58:00,11031.0596,11036.4697,11031.0098,11032.2100,0
2019-04-24 21:57:00,11033.0303,11033.5703,11029.0801,11030.7998,0
2019-04-24 21:56:00,11026.9502,11033.9199,11026.2695,11029.2998,0
2019-04-24 21:55:00,11026.6504,11032.0703,11025.7598,11026.8701,0
2019-04-24 21:54:00,11025.6904,11030.9102,11024.0303,11026.1104,0
2019-04-24 21:53:00,11023.1299,11029.1602,11023.1299,11024.6797,0
2019-04-24 21:52:00,11024.7695,11026.8203,11024.1602,11024.2900,0
2019-04-24 21:51:00,11024.5498,11025.4502,11023.8701,11023.9502,0
2019-04-24 21:50:00,11024.8203,11029.6699,11024.4102,11024.4102,0
2019-04-24 21:49:00,11024.0498,11028.9697,11024.0498,11024.7100,0
2019-04-24 21:48:00,11022.7402,11027.5996,11022.3496,11024.4404,0
2019-04-24 21:47:00,11028.3301,11028.3301,11021.4004,11022.9502,0
2019-04-24 21:46:00,11027.6602,11028.1699,11022.8096,11024.1504,0
2019-04-24 21:45:00,11022.5801,11028.0400,11021.9502,11023.8398,0
2019-04-24 21:44:00,11022.6299,11024.0996,11022.2998,11023.0400,0
2019-04-24 21:43:00,11021.6201,11026.2803,11021.1396,11022.5898,0
2019-04-24 21:42:00,11023.0195,11023.0195,11018.9102,11022.0596,0
2019-04-24 21:41:00,11019.4297,11021.2998,11019.2402,11021.2998,0
2019-04-24 21:40:00,11018.7803,11023.1104,11018.5400,11019.0400,0
2019-04-24 21:39:00,11019.1504,11020.2100,11018.5498,11019.2598,0
2019-04-24 21:38:00,11017.7500,11023.8799,11017.2695,11018.6299,0
2019-04-24 21:37:00,11017.2998,11017.7695,11017.1904,11017.6504,0
2019-04-24 21:36:00,11019.8203,11019.9404,11016.0400,11017.1504,0
2019-04-24 21:35:00,11016.1699,11020.7598,11015.5596,11020.7598,0
2019-04-24 21:34:00,11016.0596,11020.5303,11015.9902,11016.0898,0
2019-04-24 21:33:00,11015.9697,11016.4805,11014.6699,11015.6699,0
2019-04-24 21:32:00,11017.5996,11022.3701,11015.8301,11015.8301,0
2019-04-24 21:31:00,11016.8604,11023.0703,11016.8604,11018.5801,0
2019-04-24 21:30:00,11014.1602,11017.3398,11013.2100,11017.2402,0
2019-04-24 21:29:00,11015.6602,11015.6602,11012.8203,11013.4404,0
2019-04-24 21:28:00,11020.2305,11020.4102,11015.5703,11015.6699,0
2019-04-24 21:27:00,11019.9902,11024.4297,11019.3398,11019.9404,0
2019-04-24 21:26:00,11024.7100,11024.7100,11020.1797,11020.2402,0
2019-04-24 21:25:00,11023.9297,11025.7803,11018.7305,11024.7002,0
2019-04-24 21:24:00,11016.6504,11023.4600,11016.6504,11019.4297,0
2019-04-24 21:23:00,11021.5596,11022.1201,11016.0498,11016.0498,0
2019-04-24 21:22:00,11017.9102,11023.0098,11017.0703,11017.5400,0
2019-04-24 21:21:00,11022.1797,11022.1797,11016.7998,11017.7100,0
2019-04-24 21:20:00,11020.7900,11021.5596,11014.5400,11016.2998,0
2019-04-24 21:19:00,11013.6201,11020.7598,11013.6201,11020.7598,0
2019-04-24 21:18:00,11018.9199,11018.9199,11013.7002,11016.0498,0
2019-04-24 21:17:00,11019.7803,11020.0898,11014.1299,11014.8096,0
2019-04-24 21:16:00,11018.8896,11018.8896,11012.7002,11014.9502,0
2019-04-24 21:15:00,11015.9199,11018.5898,11015.9199,11017.4004,0
2019-04-24 21:14:00,11013.0498,11016.0898,11011.7803,11016.0898,0
2019-04-24 21:13:00,11020.6201,11020.6201,11015.2500,11018.1699,0
2019-04-24 21:12:00,11012.9004,11016.9199,11012.9004,11014.8896,0
2019-04-24 21:11:00,11014.2402,11015.4102,11011.5098,11012.5996,0
2019-04-24 21:10:00,11017.6602,11018.0098,11013.8398,11014.0400,0
2019-04-24 21:09:00,11008.6504,11017.6904,11008.6504,11017.6904,0
2019-04-24 21:08:00,11007.2500,11013.4697,11007.2500,11012.1396,0
2019-04-24 21:07:00,11008.5400,11013.0498,11007.1602,11007.3799,0
2019-04-24 21:06:00,11011.5498,11012.5498,11006.6797,11008.0703,0
2019-04-24 21:05:00,11014.3896,11014.6602,11011.3398,11011.8604,0
2019-04-24 21:04:00,11022.1797,11022.1797,11014.0703,11014.0703,0
2019-04-24 21:03:00,11021.5303,11022.6602,11017.4004,11022.3896,0
2019-04-24 21:02:00,11014.0801,11021.2402,11014.0801,11021.0098,0
2019-04-24 21:01:00,11014.0801,11014.0801,11014.0801,11014.0801,0
2019-04-24 01:30:00,11010.9600,11010.9600,11010.9600,11010.9600,0
2019-04-24 01:29:00,11010.9600,11010.9600,11010.9600,11010.9600,0
2019-04-24 01:28:00,11010.9600,11010.9600,11010.9600,11010.9600,0
2019-04-24 01:27:00,11010.9600,11010.9600,11010.9600,11010.9600,0
2019-04-24 01:26:00,11010.9600,11010.9600,11010.9600,11010.9600,0
2019-04-24 01:25:00,11007.4004,11015.9004,11005.4697,11009.7695,0
2019-04-24 01:24:00,11007.1396,11007.1396,11001.8799,11007.0498,0
2019-04-24 01:23:00,11011.0898,11011.0898,11002.7598,11002.7598,0
2019-04-24 01:22:00,11010.2803,11010.2803,11002.7002,11005.9502,0
2019-04-24 01:21:00,11004.1299,11008.0596,11002.2002,11004.0195,0
2019-04-24 01:20:00,11002.9902,11007.6299,11001.5303,11006.9902,0
2019-04-24 01:19:00,11007.1602,11007.1602,11000.3203,11006.0000,0
2019-04-24 01:18:00,11003.1396,11003.1396,10997.9902,11000.2197,0
2019-04-24 01:17:00,10999.6299,11003.4697,10997.4404,10997.4404,0
2019-04-24 01:16:00,10999.0000,11003.7598,10996.8701,11003.0898,0
2019-04-24 01:15:00,10998.7598,11000.7100,10997.0400,10999.4297,0
2019-04-24 01:14:00,11001.9199,11001.9199,10996.6904,10999.7998,0
2019-04-24 01:13:00,10998.6104,10999.9600,10996.7500,10998.6699,0
2019-04-24 01:12:00,10995.8301,11003.5596,10995.8301,10999.5000,0
2019-04-24 01:11:00,10997.4004,11000.4902,10995.9600,11000.0400,0
2019-04-24 01:10:00,10999.2900,10999.5000,10996.9004,10999.5000,0
2019-04-24 01:09:00,10999.4297,11003.0400,10996.5400,10998.3096,0
2019-04-24 01:08:00,10999.1904,11001.8203,10996.9199,10997.0996,0
2019-04-24 01:07:00,11000.2803,11000.5303,10997.9697,10998.9297,0
2019-04-24 01:06:00,11001.5596,11001.8496,10998.9004,10999.3701,0
2019-04-24 01:05:00,11001.5898,11006.5400,10999.3496,10999.3496,0
2019-04-24 01:04:00,11002.7500,11005.3398,10999.0801,11000.1797,0
2019-04-24 01:03:00,11002.0498,11004.2803,11000.6396,11002.3096,0
2019-04-24 01:02:00,11003.5098,11004.7100,11001.5303,11001.8799,0
2019-04-24 01:01:00,11010.8096,11010.8096,11002.0098,11002.7695,0
2019-04-24 01:00:00,11005.6602,11013.0703,11005.6602,11010.3896,0
2019-04-24 00:59:00,11010.3896,11013.4297,11005.9697,11010.3604,0
2019-04-24 00:58:00,11006.4697,11013.2402,11006.4600,11006.4600,0
2019-04-24 00:57:00,11005.4199,11012.5498,11004.3496,11012.5498,0
2019-04-24 00:56:00,11008.8096,11013.1299,11007.1201,11011.8604,0
2019-04-24 00:55:00,11011.7100,11013.0898,11005.7402,11009.0801,0
2019-04-24 00:54:00,11008.3398,11011.6602,11005.3096,11006.4600,0
2019-04-24 00:53:00,11012.3096,11013.0195,11005.5996,11006.2002,0
2019-04-24 00:52:00,11005.7695,11012.6201,11005.3496,11012.6201,0
2019-04-24 00:51:00,11013.2803,11013.2803,11006.7002,11007.7197,0
2019-04-24 00:50:00,11008.8799,11012.5195,11007.0596,11011.5303,0
2019-04-24 00:49:00,11013.5703,11014.6104,11007.9502,11013.7002,0
2019-04-24 00:48:00,11011.3799,11014.0400,11007.4199,11012.5898,0
2019-04-24 00:47:00,11014.7598,11015.1904,11006.0303,11008.4199,0
2019-04-24 00:46:00,11010.7197,11014.2803,11006.6602,11014.2803,0
2019-04-24 00:45:00,11012.0098,11012.7695,11006.1396,11011.2500,0
2019-04-24 00:44:00,11010.3496,11013.5596,11007.0303,11012.6602,0
2019-04-24 00:43:00,11014.8896,11014.8896,11008.9902,11014.7900,0
2019-04-24 00:42:00,11015.4199,11015.7402,11010.5498,11015.7402,0
2019-04-24 00:41:00,11014.0098,11015.6396,11009.0703,11015.6396,0
2019-04-24 00:40:00,11014.0195,11015.0195,11010.0898,11014.0000,0
2019-04-24 00:39:00,11014.9600,11015.7402,11010.6104,11012.1699,0
2019-04-24 00:38:00,11011.2402,11016.3604,11009.5898,11011.3203,0
2019-04-24 00:37:00,11011.1299,11016.2197,11009.2500,11011.6699,0
2019-04-24 00:36:00,11011.3203,11015.0996,11010.0195,11014.9297,0
2019-04-24 00:35:00,11012.0898,11017.3301,11010.1201,11015.4697,0
2019-04-24 00:34:00,11016.7002,11017.5703,11012.8496,11016.5303,0
2019-04-24 00:33:00,11016.7598,11017.8203,11011.7803,11016.0098,0
2019-04-24 00:32:00,11018.5596,11018.5596,11009.7598,11015.7695,0
2019-04-24 00:31:00,11011.3096,11017.8604,11011.3096,11013.3799,0
2019-04-24 00:30:00,11016.8496,11017.1396,11011.7998,11011.9199,0
2019-04-24 00:29:00,11015.9902,11017.8799,11011.1904,11011.5596,0
2019-04-24 00:28:00,11017.1797,11018.9297,11015.8496,11015.8496,0
2019-04-24 00:27:00,11016.1104,11018.2100,11016.1104,11017.6396,0
2019-04-24 00:26:00,11017.5400,11021.7803,11016.4404,11018.3203,0
2019-04-24 00:25:00,11016.7197,11022.9297,11016.4102,11018.9102,0
2019-04-24 00:24:00,11016.0498,11021.0000,11016.0303,11016.8799,0
2019-04-24 00:23:00,11016.2695,11023.8799,11016.2695,11020.6299,0
2019-04-24 00:22:00,11021.8604,11021.8604,11016.8301,11017.6797,0
2019-04-24 00:21:00,11015.7305,11021.0996,11015.7197,11021.0996,0
2019-04-24 00:20:00,11017.1396,11020.8096,11015.8203,11015.8203,0
2019-04-24 00:19:00,11016.6104,11018.4102,11015.0195,11016.8496,0
2019-04-24 00:18:00,11018.0898,11022.5400,11016.2598,11016.2695,0
2019-04-24 00:17:00,11019.7695,11024.6504,11018.1396,11023.2402,0
2019-04-24 00:16:00,11014.7695,11023.2900,11014.7695,11019.1299,0
2019-04-24 00:15:00,11016.3604,11017.6602,11015.1904,11016.9297,0
2019-04-24 00:14:00,11017.4502,11023.5996,11015.1602,11016.4902,0
2019-04-24 00:13:00,11015.8301,11017.9297,11015.7598,11017.5000,0
2019-04-24 00:12:00,11015.8301,11015.8301,11015.8301,11015.8301,0
2019-04-24 00:11:00,11018.1504,11020.3301,11014.6201,11018.4102,0
2019-04-24 00:10:00,11018.9404,11022.0303,11016.0303,11022.0303,0
2019-04-24 00:09:00,11016.2998,11023.1299,11016.2998,11020.5195,0
2019-04-24 00:08:00,11021.4805,11022.8398,11014.9902,11021.2305,0
2019-04-24 00:07:00,11016.6201,11022.0303,11015.4004,11022.0303,0
2019-04-24 00:06:00,11010.8799,11021.0996,11010.7402,11016.7998,0
2019-04-24 00:05:00,11018.9102,11019.9502,11015.5098,11015.5098,0
2019-04-24 00:04:00,11017.8701,11019.4805,11016.7197,11017.6201,0
2019-04-24 00:03:00,11021.1602,11025.8496,11016.9902,11016.9902,0
2019-04-24 00:02:00,11021.7900,11022.7900,11020.3896,11021.6504,0
2019-04-24 00:01:00,11021.7197,11025.7900,11020.6504,11021.5801,0
2019-04-24 00:00:00,11023.2197,11026.3203,11021.0400,11021.7305,0
2019-04-23 23:59:00,11027.4902,11027.4902,11020.4805,11021.7695,0
2019-04-23 23:58:00,11024.0303,11028.2900,11022.2305,11025.0195,0
2019-04-23 23:57:00,11026.7500,11027.4600,11022.1699,11022.8203,0
2019-04-23 23:56:00,11025.5596,11027.1104,11019.0303,11019.0303,0
2019-04-23 23:55:00,11027.1396,11027.1396,11021.4902,11022.3398,0
2019-04-23 23:54:00,11028.1797,11029.9102,11023.0000,11023.5098,0
2019-04-23 23:53:00,11023.1699,11030.5703,11021.6504,11030.5703,0
2019-04-23 23:52:00,11025.8604,11029.5195,11024.4004,11028.6504,0
2019-04-23 23:51:00,11026.5000,11027.1797,11025.6504,11026.6904,0
2019-04-23 23:50:00,11027.2100,11027.2100,11022.7100,11026.1201,0
2019-04-23 23:49:00,11028.6699,11031.8496,11026.0195,11026.7002,0
2019-04-23 23:48:00,11026.9297,11031.8301,11025.7500,11027.5195,0
2019-04-23 23:47:00,11027.3398,11031.1504,11025.2695,11028.5703,0
2019-04-23 23:46:00,11025.8096,11031.5996,11025.2197,11027.1904,0
2019-04-23 23:45:00,11030.6299,11032.4697,11026.5098,11026.9004,0
2019-04-23 23:44:00,11028.2305,11031.5801,11025.8496,11031.5801,0
2019-04-23 23:43:00,11031.9902,11033.1299,11026.8701,11029.0801,0
2019-04-23 23:42:00,11031.7695,11034.5996,11025.6904,11032.9502,0
2019-04-23 23:41:00,11027.0498,11032.9102,11026.2598,11030.6699,0
2019-04-23 23:40:00,11028.3701,11032.8604,11027.4004,11029.3096,0
2019-04-23 23:39:00,11029.4502,11033.3799,11028.6104,11031.4404,0
2019-04-23 23:38:00,11030.7598,11034.5000,11027.8701,11030.4502,0
2019-04-23 23:37:00,11030.0498,11036.3496,11028.4600,11036.3496,0
2019-04-23 23:36:00,11032.4502,11032.5898,11026.7900,11029.9600,0
2019-04-23 23:35:00,11031.8301,11033.4805,11026.7500,11032.6104,0
2019-04-23 23:34:00,11032.6201,11033.7500,11027.1104,11031.4102,0
2019-04-23 23:33:00,11026.9297,11031.9600,11026.7998,11031.9600,0
2019-04-23 23:32:00,11025.0195,11031.5000,11024.8896,11024.8896,0
2019-04-23 23:31:00,11026.7402,11032.4102,11025.6904,11029.9805,0
2019-04-23 23:30:00,11031.0703,11032.5996,11026.3604,11026.3799,0
2019-04-23 23:29:00,11030.7998,11032.9697,11025.1699,11028.0098,0
2019-04-23 23:28:00,11027.8896,11031.8896,11025.9199,11027.1797,0
2019-04-23 23:27:00,11028.7900,11031.8701,11026.6504,11031.8701,0
2019-04-23 23:26:00,11034.1904,11034.2002,11027.5703,11027.5703,0
2019-04-23 23:25:00,11027.6904,11034.8896,11026.7500,11032.9004,0
2019-04-23 23:24:00,11026.6904,11033.1504,11026.6904,11027.7402,0
2019-04-23 23:23:00,11029.7598,11034.5703,11027.5596,11032.8701,0
2019-04-23 23:22:00,11031.5400,11034.7305,11027.6299,11034.5996,0
2019-04-23 23:21:00,11031.7002,11035.2803,11026.2803,11028.7402,0
2019-04-23 23:20:00,11032.7305,11034.9297,11028.3604,11032.4600,0
2019-04-23 23:19:00,11034.2500,11034.3398,11027.6797,11032.8896,0
2019-04-23 23:18:00,11028.7803,11034.4600,11028.5703,11034.4600,0
2019-04-23 23:17:00,11029.1904,11035.7598,11029.1904,11030.3701,0
2019-04-23 23:16:00,11027.6602,11036.3301,11027.6602,11031.6299,0
2019-04-23 23:15:00,11028.4805,11035.3701,11028.4805,11030.2500,0
2019-04-23 23:14:00,11029.7998,11034.0898,11028.2197,11028.2197,0
2019-04-23 23:13:00,11032.1201,11037.6396,11029.7598,11030.7002,0
2019-04-23 23:12:00,11041.7197,11041.7197,11033.0195,11033.0195,0
2019-04-23 23:11:00,11034.4502,11042.7998,11034.2402,11042.7998,0
2019-04-23 23:10:00,11037.2998,11041.7900,11034.2900,11034.2900,0
2019-04-23 23:09:00,11036.5303,11041.4297,11034.8301,11036.6797,0
2019-04-23 23:08:00,11041.6602,11043.1797,11035.7598,11035.7598,0
2019-04-23 23:07:00,11036.8301,11043.0898,11035.8301,11038.2500,0
2019-04-23 23:06:00,11037.0898,11038.0098,11035.1504,11035.9102,0
2019-04-23 23:05:00,11038.9102,11042.5098,11037.2803,11040.9297,0
2019-04-23 23:04:00,11035.0303,11038.4902,11032.7402,11037.7197,0
2019-04-23 23:03:00,11035.5498,11036.5098,11034.3203,11034.7998,0
2019-04-23 23:02:00,11034.3203,11037.1299,11033.2500,11034.6504,0
2019-04-23 23:01:00,11034.3701,11038.4805,11032.0996,11034.7598,0
2019-04-23 23:00:00,11034.6904,11041.1201,11033.0801,11033.0801,0
2019-04-23 22:59:00,11036.2305,11037.8701,11035.1904,11035.2803,0
2019-04-23 22:58:00,11035.6299,11039.9502,11032.7598,11035.7100,0
2019-04-23 22:57:00,11034.3301,11039.7695,11033.6396,11034.8496,0
2019-04-23 22:56:00,11040.4199,11040.4199,11032.6104,11034.4502,0
2019-04-23 22:55:00,11037.7197,11040.2695,11033.5596,11036.1396,0
2019-04-23 22:54:00,11032.0000,11037.8496,11031.7100,11031.7100,0
2019-04-23 22:53:00,11031.7002,11037.3096,11031.7002,11032.7002,0
2019-04-23 22:52:00,11038.7197,11038.7197,11031.5098,11031.5098,0
2019-04-23 22:51:00,11033.7305,11034.5303,11030.9502,11034.5303,0
2019-04-23 22:50:00,11033.2803,11038.9199,11031.8096,11032.3701,0
2019-04-23 22:49:00,11032.4805,11037.4902,11032.4805,11032.9697,0
2019-04-23 22:48:00,11039.8496,11040.0703,11033.2695,11038.1299,0
2019-04-23 22:47:00,11035.7100,11037.7695,11032.4805,11035.9102,0
2019-04-23 22:46:00,11038.9404,11040.7402,11032.9502,11033.9600,0
2019-04-23 22:45:00,11034.7598,11039.0303,11033.1299,11039.0303,0
2019-04-23 22:44:00,11038.9805,11038.9805,11032.3604,11032.3604,0
2019-04-23 22:43:00,11041.3301,11041.3301,11034.7900,11040.1396,0
2019-04-23 22:42:00,11035.4404,11041.5000,11035.0303,11035.0303,0
2019-04-23 22:41:00,11034.3896,11039.6504,11033.9697,11036.5098,0
2019-04-23 22:40:00,11036.2998,11040.5596,11034.1504,11040.3496,0
2019-04-23 22:39:00,11036.7695,11041.9805,11033.7305,11035.4102,0
2019-04-23 22:38:00,11036.3604,11041.4102,11034.5000,11041.4102,0
2019-04-23 22:37:00,11040.1904,11040.4502,11034.7197,11035.7900,0
2019-04-23 22:36:00,11034.1504,11041.0400,11033.8203,11041.0400,0
2019-04-23 22:35:00,11038.9697,11038.9697,11032.3496,11034.4902,0
2019-04-23 22:34:00,11034.3496,11038.7803,11034.3496,11038.7803,0
2019-04-23 22:33:00,11034.9600,11040.8398,11034.9600,11037.9404,0
2019-04-23 22:32:00,11033.2803,11041.1699,11033.2803,11035.1299,0
2019-04-23 22:31:00,11034.3096,11035.7500,11033.3701,11034.4805,0
2019-04-23 22:30:00,11038.2305,11040.5498,11033.0400,11035.2100,0
2019-04-23 22:29:00,11037.3496,11041.1104,11034.0898,11037.7402,0
2019-04-23 22:28:00,11038.0303,11043.0703,11035.8203,11036.0898,0
2019-04-23 22:27:00,11041.3896,11042.0303,11035.0703,11037.1904,0
2019-04-23 22:26:00,11035.2803,11042.4902,11034.8496,11041.0195,0
2019-04-23 22:25:00,11037.6396,11041.7100,11035.9600,11036.5000,0
2019-04-23 22:24:00,11039.1299,11041.4102,11035.6299,11037.5400,0
2019-04-23 22:23:00,11037.4697,11043.7002,11036.8896,11043.7002,0
2019-04-23 22:22:00,11037.7402,11042.3301,11036.3701,11036.5000,0
2019-04-23 22:21:00,11041.4297,11042.0996,11036.0195,11036.2803,0
2019-04-23 22:20:00,11041.2695,11043.9297,11037.2900,11037.7598,0
2019-04-23 22:19:00,11044.6904,11044.6904,11036.8896,11036.9902,0
2019-04-23 22:18:00,11043.0596,11044.9805,11036.8896,11043.2197,0
2019-04-23 22:17:00,11043.4297,11044.0801,11037.8096,11044.0801,0
2019-04-23 22:16:00,11044.8096,11045.9502,11038.0303,11039.0898,0
2019-04-23 22:15:00,11037.5703,11044.0801,11037.5703,11044.0703,0
2019-04-23 22:14:00,11036.3398,11040.7100,11035.3896,11038.1699,0
2019-04-23 22:13:00,11037.2100,11041.6602,11034.9297,11035.5000,0
2019-04-23 22:12:00,11042.9902,11043.2900,11035.0596,11039.2803,0
2019-04-23 22:11:00,11038.3896,11043.0996,11037.2305,11043.0996,0
2019-04-23 22:10:00,11036.7998,11043.6299,11036.2998,11037.1904,0
2019-04-23 22:09:00,11041.8896,11042.8496,11036.5703,11036.8799,0
2019-04-23 22:08:00,11037.4600,11042.3604,11035.9102,11040.8604,0
2019-04-23 22:07:00,11036.0898,11040.5400,11034.2695,11040.5400,0
2019-04-23 22:06:00,11037.0596,11041.9697,11035.4902,11038.7402,0
2019-04-23 22:05:00,11038.8096,11040.0400,11035.3799,11037.5303,0
2019-04-23 22:04:00,11038.9199,11041.3496,11035.2803,11035.5703,0
2019-04-23 22:03:00,11040.7500,11043.6904,11036.4297,11040.1396,0
2019-04-23 22:02:00,11040.6602,11043.9297,11037.6201,11037.6201,0
2019-04-23 22:01:00,11040.9502,11045.5898,11040.2100,11042.5195,0
2019-04-23 22:00:00,11047.2900,11047.2900,11040.3301,11040.3301,0
2019-04-23 21:59:00,11047.1299,11050.6602,11046.0098,11047.2900,0
2019-04-23 21:58:00,11046.0898,11051.0996,11045.8604,11051.0996,0
2019-04-23 21:57:00,11044.5703,11050.5195,11044.2197,11050.5195,0
2019-04-23 21:56:00,11047.9199,11048.2998,11043.2305,11044.2500,0
2019-04-23 21:55:00,11043.8301,11049.2002,11042.7197,11043.5498,0
2019-04-23 21:54:00,11047.0195,11050.5898,11043.7100,11043.7100,0
2019-04-23 21:53:00,11043.7305,11046.7500,11043.3301,11045.9902,0
2019-04-23 21:52:00,11048.7100,11048.9004,11041.9502,11044.5098,0
2019-04-23 21:51:00,11046.4600,11049.8799,11041.2998,11049.8799,0
2019-04-23 21:50:00,11042.9004,11048.8799,11041.5898,11048.4102,0
2019-04-23 21:49:00,11043.8799,11048.2695,11042.2900,11047.5703,0
2019-04-23 21:48:00,11045.6504,11050.5498,11043.4102,11044.0898,0
2019-04-23 21:47:00,11047.2402,11051.9502,11045.1299,11046.5498,0
2019-04-23 21:46:00,11046.8496,11050.8203,11043.7598,11046.1396,0
2019-04-23 21:45:00,11046.7695,11049.3604,11044.3701,11045.8604,0
2019-04-23 21:44:00,11051.1699,11051.1699,11045.7900,11047.1504,0
2019-04-23 21:43:00,11051.9902,11051.9902,11044.9102,11050.9004,0
2019-04-23 21:42:00,11047.9805,11052.7197,11046.8701,11051.5303,0
2019-04-23 21:41:00,11050.4805,11052.9404,11048.6904,11052.9404,0
2019-04-23 21:40:00,11052.9297,11052.9297,11050.2197,11050.3604,0
2019-04-23 21:39:00,11051.4902,11053.3096,11050.7695,11051.8896,0
2019-04-23 21:38:00,11051.6201,11053.4404,11050.6602,11053.3604,0
2019-04-23 21:37:00,11056.8604,11056.8604,11051.6201,11051.6201,0
2019-04-23 21:36:00,11054.0195,11054.0195,11050.9697,11051.6201,0
2019-04-23 21:35:00,11052.9004,11055.1602,11051.9502,11051.9502,0
2019-04-23 21:34:00,11051.7803,11059.2900,11051.7803,11054.0898,0
2019-04-23 21:33:00,11058.8799,11059.4902,11051.5898,11051.5898,0
2019-04-23 21:32:00,11052.9199,11056.1904,11050.3799,11054.0498,0
2019-04-23 21:31:00,11054.6104,11059.2402,11051.4404,11052.7002,0
2019-04-23 21:30:00,11049.5596,11054.6797,11049.4199,11050.2695,0
2019-04-23 21:29:00,11054.9600,11054.9600,11049.0303,11049.0303,0
2019-04-23 21:28:00,11050.4697,11056.5098,11050.1201,11055.5400,0
2019-04-23 21:27:00,11054.8496,11055.0098,11049.6797,11054.8496,0
2019-04-23 21:26:00,11053.2998,11057.3701,11050.0898,11050.7305,0
2019-04-23 21:25:00,11048.7500,11053.4004,11046.6396,11053.4004,0
2019-04-23 21:24:00,11049.8203,11054.5303,11047.2402,11048.5098,0
2019-04-23 21:23:00,11053.6396,11053.7900,11048.0000,11049.5400,0
2019-04-23 21:22:00,11047.4502,11052.7695,11047.1201,11050.2197,0
2019-04-23 21:21:00,11052.9297,11052.9297,11047.1299,11047.5596,0
2019-04-23 21:20:00,11054.2402,11055.2305,11053.1602,11053.4199,0
2019-04-23 21:19:00,11056.7500,11057.8398,11052.5703,11054.6504,0
2019-04-23 21:18:00,11052.0303,11054.5898,11047.7305,11054.2305,0
2019-04-23 21:17:00,11055.5898,11055.5898,11050.0303,11053.8398,0
2019-04-23 21:16:00,11053.4102,11055.9297,11047.1396,11055.8398,0
2019-04-23 21:15:00,11048.9697,11054.0303,11046.0596,11054.0303,0
2019-04-23 21:14:00,11043.6504,11048.3096,11038.2900,11048.3096,0
2019-04-23 21:13:00,11044.6797,11046.3398,11037.5098,11040.9102,0
2019-04-23 21:12:00,11041.3096,11044.8896,11039.5303,11044.8896,0
2019-04-23 21:11:00,11043.5400,11046.0596,11040.8496,11040.8496,0
2019-04-23 21:10:00,11044.3203,11049.2402,11040.6602,11041.8496,0
2019-04-23 21:09:00,11044.9902,11046.0303,11044.3096,11044.5498,0
2019-04-23 21:08:00,11051.1299,11055.1904,11046.4404,11046.4404,0
2019-04-23 21:07:00,11049.6602,11057.4902,11049.6602,11051.2197,0
2019-04-23 21:06:00,11058.3604,11059.3398,11049.5498,11050.8496,0
2019-04-23 21:05:00,11060.1504,11060.1504,11052.9199,11057.1797,0
2019-04-23 21:04:00,11061.8301,11064.7803,11053.5000,11055.3896,0
2019-04-23 21:03:00,11063.0703,11063.0703,11058.1699,11058.1699,0
2019-04-23 21:02:00,11066.1104,11066.5303,11061.3096,11063.3203,0
2019-04-23 21:01:00,11054.0195,11070.8496,11054.0195,11066.1396,0
2019-04-23 01:30:00,11006.8799,11006.8799,11006.8799,11006.8799,0
2019-04-23 01:29:00,11006.8799,11006.8799,11006.8799,11006.8799,0
2019-04-23 01:28:00,11006.8799,11006.8799,11006.8799,11006.8799,0
2019-04-23 01:27:00,11006.8799,11006.8799,11006.8799,11006.8799,0
2019-04-23 01:26:00,11006.8799,11006.8799,11006.8799,11006.8799,0
2019-04-23 01:25:00,11005.9404,11007.0000,11001.5400,11006.0703,0
2019-04-23 01:24:00,11004.3398,11007.4600,10998.2695,11007.4600,0
2019-04-23 01:23:00,11001.8301,11005.7002,10999.8301,11003.5195,0
2019-04-23 01:22:00,11001.4697,11003.7598,10995.6504,10999.3799,0
2019-04-23 01:21:00,11001.0498,11004.0000,10994.7100,11002.3496,0
2019-04-23 01:20:00,11000.8496,11003.9102,10997.3896,11002.0703,0
2019-04-23 01:19:00,11000.9902,11001.7500,10995.5098,11001.5195,0
2019-04-23 01:18:00,10993.2998,11001.3701,10993.2998,11001.3701,0
2019-04-23 01:17:00,10997.1904,11002.0996,10994.5000,10996.8896,0
2019-04-23 01:16:00,11000.6299,11001.9404,10996.4502,10998.9697,0
2019-04-23 01:15:00,11001.0000,11003.0303,10995.4004,11001.9102,0
2019-04-23 01:14:00,10999.2305,11001.8701,10994.2002,11001.5703,0
2019-04-23 01:13:00,10997.8496,11001.4697,10994.2402,10994.2402,0
2019-04-23 01:12:00,10999.4697,11000.3301,10994.0098,10994.0098,0
2019-04-23 01:11:00,10993.9805,11000.5498,10993.9805,10997.9902,0
2019-04-23 01:10:00,11001.6904,11001.6904,10995.2598,10995.2598,0
2019-04-23 01:09:00,11000.7002,11001.9199,10995.9102,11001.3896,0
2019-04-23 01:08:00,10995.4502,11002.2402,10994.9697,11001.2900,0
2019-04-23 01:07:00,11002.7100,11002.8799,10994.5498,10998.8301,0
2019-04-23 01:06:00,10994.2197,11002.4297,10994.2197,10996.6201,0
2019-04-23 01:05:00,11004.0498,11004.0898,10994.1104,10995.1504,0
2019-04-23 01:04:00,10997.8096,11002.6201,10996.0098,11001.7598,0
2019-04-23 01:03:00,10996.9102,11002.6201,10996.7305,10998.0996,0
2019-04-23 01:02:00,10996.2402,11003.0498,10996.2402,11002.3896,0
2019-04-23 01:01:00,10995.3203,11001.7803,10995.0898,10995.6602,0
2019-04-23 01:00:00,10999.1602,11000.4004,10994.0195,10999.2803,0
2019-04-23 00:59:00,10993.3496,10999.6699,10993.3496,10995.5000,0
2019-04-23 00:58:00,10996.5801,10999.0098,10993.2998,10993.6699,0
2019-04-23 00:57:00,10999.0498,11001.7998,10996.9902,11000.8896,0
2019-04-23 00:56:00,11001.7100,11007.4199,10998.3496,10998.3496,0
2019-04-23 00:55:00,11006.0703,11007.8398,11002.5195,11002.5195,0
2019-04-23 00:54:00,11005.4404,11010.7100,11004.9102,11005.5098,0
2019-04-23 00:53:00,11005.4805,11010.0498,11003.5801,11008.2402,0
2019-04-23 00:52:00,11004.4902,11010.9902,11004.4902,11005.6104,0
2019-04-23 00:51:00,11005.4502,11006.5303,11004.3096,11004.5098,0
2019-04-23 00:50:00,11004.7998,11009.6602,11002.2500,11005.2598,0
2019-04-23 00:49:00,11003.2305,11009.7002,11003.2305,11005.0996,0
2019-04-23 00:48:00,11006.5098,11010.8096,11003.2695,11004.3604,0
2019-04-23 00:47:00,11005.0400,11010.5703,11003.2002,11010.5703,0
2019-04-23 00:46:00,11005.4502,11008.8701,11003.0596,11008.8701,0
2019-04-23 00:45:00,11005.2197,11010.0195,11005.2197,11005.2695,0
2019-04-23 00:44:00,11008.7500,11009.9199,11005.3096,11005.3096,0
2019-04-23 00:43:00,11004.3799,11008.6299,11002.0400,11004.9600,0
2019-04-23 00:42:00,11004.7500,11010.3604,11002.7900,11004.8096,0
2019-04-23 00:41:00,11004.3496,11008.2002,11003.2500,11005.3799,0
2019-04-23 00:40:00,11004.5498,11009.9102,11003.9697,11005.4902,0
2019-04-23 00:39:00,10999.0996,11008.5195,10998.5195,11003.6797,0
2019-04-23 00:38:00,10997.0498,11002.5596,10997.0498,10998.5400,0
2019-04-23 00:37:00,10998.2998,11004.1104,10996.9102,10996.9102,0
2019-04-23 00:36:00,10998.5400,11003.3701,10998.0498,10998.0498,0
2019-04-23 00:35:00,10998.2002,11002.0898,10996.6904,11000.3096,0
2019-04-23 00:34:00,10998.0898,11001.9502,10994.3701,11001.9502,0
2019-04-23 00:33:00,10994.5400,11002.3398,10994.5400,11002.3398,0
2019-04-23 00:32:00,10998.4297,11003.2598,10995.8799,10996.4502,0
2019-04-23 00:31:00,10995.2305,11003.6396,10995.2305,10996.7500,0
2019-04-23 00:30:00,11001.2500,11001.2500,10995.2998,11000.5400,0
2019-04-23 00:29:00,10995.9404,11001.3301,10994.7598,10996.9805,0
2019-04-23 00:28:00,11000.2305,11001.5098,10993.1396,11001.5098,0
2019-04-23 00:27:00,10992.7695,11000.2197,10992.7695,11000.2197,0
2019-04-23 00:26:00,10994.8496,10997.5195,10992.9502,10992.9502,0
2019-04-23 00:25:00,10995.0000,10998.5898,10992.9902,10994.0098,0
2019-04-23 00:24:00,10991.9004,11000.0195,10991.9004,10993.1602,0
2019-04-23 00:23:00,10999.7100,11004.1602,10995.4404,10995.4404,0
2019-04-23 00:22:00,11003.6699,11003.6699,10999.4004,11000.1797,0
2019-04-23 00:21:00,11006.2598,11006.2598,10998.6201,11000.6396,0
2019-04-23 00:20:00,11001.4805,11006.3701,10999.5303,11000.3398,0
2019-04-23 00:19:00,10999.6504,11005.6504,10998.7100,11000.8203,0
2019-04-23 00:18:00,11000.9297,11004.4102,10998.4600,11000.3701,0
2019-04-23 00:17:00,11000.3203,11005.2598,10998.5498,11000.4004,0
2019-04-23 00:16:00,10999.5195,11005.9600,10998.1904,11000.7305,0
2019-04-23 00:15:00,11000.3496,11005.7402,10999.7803,11001.5596,0
2019-04-23 00:14:00,11000.5000,11005.8701,11000.3301,11000.3301,0
2019-04-23 00:13:00,11000.6201,11008.3604,11000.1104,11000.1299,0
2019-04-23 00:12:00,11001.9102,11006.3604,11000.8799,11001.3203,0
2019-04-23 00:11:00,11000.7803,11004.1299,10999.3799,11002.0000,0
2019-04-23 00:10:00,10998.1699,11004.8496,10998.1699,11004.8496,0
2019-04-23 00:09:00,11005.2002,11005.2002,10998.7900,11002.4805,0
2019-04-23 00:08:00,11002.0000,11007.4004,11000.4600,11001.8496,0
2019-04-23 00:07:00,11003.4805,11006.1602,11001.1699,11006.1201,0
2019-04-23 00:06:00,11002.2695,11006.5195,10999.2695,11002.5996,0
2019-04-23 00:05:00,11003.2402,11008.1396,11001.6699,11004.5098,0
2019-04-23 00:04:00,10998.9297,11007.8496,10998.9297,11007.8496,0
2019-04-23 00:03:00,11001.7900,11005.0596,10998.5098,11005.0596,0
2019-04-23 00:02:00,11003.3203,11005.0498,11000.3398,11002.3096,0
2019-04-23 00:01:00,11004.5303,11004.7500,10998.0596,10999.8799,0
2019-04-23 00:00:00,11000.3799,11005.4102,10999.4404,11004.4805,0
2019-04-22 23:59:00,10997.3896,11005.1299,10997.3301,10999.0303,0
2019-04-22 23:58:00,10999.6104,11006.7197,10996.9805,10996.9805,0
2019-04-22 23:57:00,11002.0400,11005.1396,10999.9902,10999.9902,0
2019-04-22 23:56:00,11006.2998,11008.2002,11001.4102,11002.8398,0
2019-04-22 23:55:00,11003.1299,11007.1602,11002.0098,11002.0098,0
2019-04-22 23:54:00,11004.6504,11004.6504,11000.0000,11003.5498,0
2019-04-22 23:53:00,11004.9404,11004.9404,10999.6602,11004.0400,0
2019-04-22 23:52:00,11002.6201,11006.4297,11000.2500,11001.0195,0
2019-04-22 23:51:00,11004.2305,11007.5400,11001.5195,11007.5400,0
2019-04-22 23:50:00,11002.0898,11008.7998,11001.4502,11008.2100,0
2019-04-22 23:49:00,11000.7803,11006.9297,11000.4102,11001.7305,0
2019-04-22 23:48:00,11000.4902,11007.3496,11000.1602,11000.9199,0
2019-04-22 23:47:00,11000.8896,11008.9102,10999.6797,11000.7695,0
2019-04-22 23:46:00,10999.0898,11006.0195,10999.0898,11001.0195,0
2019-04-22 23:45:00,10996.2998,11004.8398,10996.2998,11003.7100,0
2019-04-22 23:44:00,10994.4600,10999.9502,10993.8496,10996.6504,0
2019-04-22 23:43:00,10994.0703,10997.5898,10991.6904,10994.2305,0
2019-04-22 23:42:00,10996.3799,10997.8496,10992.1602,10993.9600,0
2019-04-22 23:41:00,10997.4404,10999.1201,10991.5703,10991.5703,0
2019-04-22 23:40:00,10991.8799,10997.9004,10991.8799,10992.2998,0
2019-04-22 23:39:00,10990.6904,10996.4004,10990.4697,10992.2002,0
2019-04-22 23:38:00,10992.4805,10994.3604,10989.7900,10990.7803,0
2019-04-22 23:37:00,10991.5195,10996.1504,10990.2998,10996.1504,0
2019-04-22 23:36:00,10993.6699,10995.8799,10989.1299,10991.8496,0
2019-04-22 23:35:00,10988.6504,10993.5498,10988.0098,10993.2803,0
2019-04-22 23:34:00,10988.5596,10993.6602,10988.3896,10993.3604,0
2019-04-22 23:33:00,10992.7305,10992.7305,10987.3203,10989.2002,0
2019-04-22 23:32:00,10992.4502,10992.4502,10987.0996,10988.1104,0
2019-04-22 23:31:00,10988.9404,10994.0898,10986.4697,10994.0098,0
2019-04-22 23:30:00,10990.9502,10993.0303,10985.8896,10988.2695,0
2019-04-22 23:29:00,10991.6504,10991.9102,10985.9102,10987.4600,0
2019-04-22 23:28:00,10992.7598,10992.7598,10986.3604,10986.3604,0
2019-04-22 23:27:00,10991.6104,10992.2305,10986.9297,10992.1904,0
2019-04-22 23:26:00,10988.5996,10993.5303,10988.5996,10991.1504,0
2019-04-22 23:25:00,10989.6699,10990.4502,10984.8799,10987.5596,0
2019-04-22 23:24:00,10979.8496,10988.2002,10979.8496,10987.7803,0
2019-04-22 23:23:00,10979.8301,10986.3896,10979.2598,10979.9502,0
2019-04-22 23:22:00,10978.6504,10985.1201,10978.5703,10978.5703,0
2019-04-22 23:21:00,10986.4502,10986.7598,10977.1602,10977.1602,0
2019-04-22 23:20:00,10986.4502,10986.4502,10986.4502,10986.4502,0
2019-04-22 23:19:00,10980.6104,10986.6299,10979.0996,10984.8398,0
2019-04-22 23:18:00,10979.7695,10983.1699,10977.9004,10979.1797,0
2019-04-22 23:17:00,10977.8604,10984.0098,10977.8604,10979.6104,0
2019-04-22 23:16:00,10980.7100,10982.3701,10976.0996,10982.3701,0
2019-04-22 23:15:00,10974.3799,10979.5098,10972.3301,10976.1504,0
2019-04-22 23:14:00,10972.2305,10979.2002,10970.6504,10973.9697,0
2019-04-22 23:13:00,10977.8799,10979.1504,10973.0596,10973.0596,0
2019-04-22 23:12:00,10980.0195,10980.0195,10974.0303,10974.6504,0
2019-04-22 23:11:00,10971.6396,10979.7598,10970.2305,10979.7598,0
2019-04-22 23:10:00,10975.4004,10975.7305,10970.1104,10971.3496,0
2019-04-22 23:09:00,10976.7998,10976.7998,10969.1396,10975.0303,0
2019-04-22 23:08:00,10969.7197,10977.5000,10969.7197,10976.9199,0
2019-04-22 23:07:00,10973.4404,10973.7900,10968.3604,10968.5703,0
2019-04-22 23:06:00,10970.2900,10975.3604,10969.4697,10971.9102,0
2019-04-22 23:05:00,10977.5898,10977.5898,10970.6797,10973.6104,0
2019-04-22 23:04:00,10969.8604,10977.7598,10969.8604,10977.7598,0
2019-04-22 23:03:00,10974.3496,10977.0303,10970.6504,10971.3496,0
2019-04-22 23:02:00,10972.7100,10977.4697,10970.7100,10976.5303,0
2019-04-22 23:01:00,10977.0303,10977.0303,10971.9805,10972.3896,0
2019-04-22 23:00:00,10972.6201,10978.0303,10972.5195,10978.0303,0
2019-04-22 22:59:00,10973.1201,10977.6396,10970.9697,10976.2998,0
2019-04-22 22:58:00,10975.8701,10977.3799,10972.2598,10976.6699,0
2019-04-22 22:57:00,10973.3496,10978.2100,10972.1299,10976.2998,0
2019-04-22 22:56:00,10974.2500,10978.4004,10970.3301,10974.0996,0
2019-04-22 22:55:00,10979.6299,10979.8398,10973.8799,10978.4404,0
2019-04-22 22:54:00,10978.5498,10978.5498,10973.0898,10978.0898,0
2019-04-22 22:53:00,10976.9004,10977.2998,10971.7500,10972.3301,0
2019-04-22 22:52:00,10971.3203,10976.6904,10971.2402,10976.6504,0
2019-04-22 22:51:00,10978.0996,10978.7402,10971.2402,10971.5801,0
2019-04-22 22:50:00,10979.2002,10980.3496,10978.9502,10979.1699,0
2019-04-22 22:49:00,10972.5098,10979.0195,10972.0195,10978.7402,0
2019-04-22 22:48:00,10974.9297,10979.7598,10971.9805,10977.3096,0
2019-04-22 22:47:00,10978.9102,10979.4502,10974.2695,10974.8701,0
2019-04-22 22:46:00,10979.7695,10979.7695,10972.6396,10979.6201,0
2019-04-22 22:45:00,10978.8398,10980.8701,10975.5898,10979.8799,0
2019-04-22 22:44:00,10979.6201,10981.0098,10975.5996,10978.0703,0
2019-04-22 22:43:00,10977.7500,10979.8301,10973.8604,10979.8301,0
2019-04-22 22:42:00,10975.0898,10980.9102,10974.5303,10977.9502,0
2019-04-22 22:41:00,10977.2998,10981.1797,10974.6602,10979.4102,0
2019-04-22 22:40:00,10978.6797,10981.6602,10975.8701,10976.5596,0
2019-04-22 22:39:00,10976.8096,10980.4902,10974.9102,10978.2998,0
2019-04-22 22:38:00,10980.2402,10981.0801,10975.0303,10980.5098,0
2019-04-22 22:37:00,10975.2598,10980.0098,10974.8203,10976.5098,0
2019-04-22 22:36:00,10982.6797,10983.3301,10977.1797,10979.6396,0
2019-04-22 22:35:00,10982.7500,10985.2900,10978.8398,10983.8701,0
2019-04-22 22:34:00,10981.2900,10984.7305,10979.4004,10983.6396,0
2019-04-22 22:33:00,10980.0596,10986.7002,10980.0596,10981.5898,0
2019-04-22 22:32:00,10982.0000,10986.4697,10979.5596,10979.5596,0
2019-04-22 22:31:00,10984.5996,10986.7695,10980.7100,10981.9102,0
2019-04-22 22:30:00,10987.5400,10987.5400,10980.3701,10980.3701,0
2019-04-22 22:29:00,10987.1602,10987.5498,10982.4404,10987.5498,0
2019-04-22 22:28:00,10985.5596,10988.4297,10982.3301,10987.9502,0
2019-04-22 22:27:00,10979.6299,10987.7100,10979.6299,10984.6904,0
2019-04-22 22:26:00,10985.9902,10985.9902,10979.0498,10983.9902,0
2019-04-22 22:25:00,10988.8096,10988.8096,10981.4199,10981.8799,0
2019-04-22 22:24:00,10981.2900,10989.4004,10981.2900,10988.2598,0
2019-04-22 22:23:00,10986.5498,10987.3604,10981.3799,10981.3799,0
2019-04-22 22:22:00,10986.0596,10986.9004,10981.2100,10986.7998,0
2019-04-22 22:21:00,10984.6104,10986.1201,10981.4004,10981.4297,0
2019-04-22 22:20:00,10985.1396,10986.7002,10979.2695,10982.1201,0
2019-04-22 22:19:00,10987.7900,10987.7900,10979.9600,10984.9199,0
2019-04-22 22:18:00,10976.6504,10986.4404,10976.6504,10981.9902,0
2019-04-22 22:17:00,10975.2900,10981.5098,10975.2900,10976.6699,0
2019-04-22 22:16:00,10974.7900,10981.1797,10974.7900,10981.0596,0
2019-04-22 22:15:00,10976.1797,10979.3301,10973.9502,10974.1602,0
2019-04-22 22:14:00,10976.6396,10980.1602,10975.2695,10976.3701,0
2019-04-22 22:13:00,10979.2598,10983.4102,10976.9805,10976.9805,0
2019-04-22 22:12:00,10983.1904,10983.4404,10977.2500,10978.8096,0
2019-04-22 22:11:00,10982.5098,10983.5498,10982.2100,10982.8604,0
2019-04-22 22:10:00,10987.4199,10987.4199,10982.8604,10983.2900,0
2019-04-22 22:09:00,10986.8496,10987.9902,10985.2500,10986.8398,0
2019-04-22 22:08:00,10984.8896,10991.1602,10984.8896,10991.1602,0
2019-04-22 22:07:00,10986.2100,10991.3398,10984.1201,10984.7305,0
2019-04-22 22:06:00,10987.3799,10987.6699,10985.4697,10985.4697,0
2019-04-22 22:05:00,10988.9502,10993.3701,10986.5400,10986.5400,0
2019-04-22 22:04:00,10992.4600,10993.5400,10988.2305,10989.4297,0
2019-04-22 22:03:00,10991.7305,10996.0498,10989.6797,10992.0098,0
2019-04-22 22:02:00,10992.5498,10992.5498,10991.7900,10992.5098,0
2019-04-22 22:01:00,10989.0801,10991.6699,10987.7002,10991.0996,0
2019-04-22 22:00:00,10990.7803,10993.3496,10988.6602,10989.0400,0
2019-04-22 21:59:00,10993.4902,10993.8701,10989.3398,10990.7803,0
2019-04-22 21:58:00,10989.1602,10995.1504,10989.1104,10993.6396,0
2019-04-22 21:57:00,10987.0400,10993.7900,10987.0400,10989.0996,0
2019-04-22 21:56:00,10990.6201,10991.3398,10985.4404,10987.1396,0
2019-04-22 21:55:00,10981.7100,10990.4502,10981.7100,10989.4600,0
2019-04-22 21:54:00,10985.8096,10987.8896,10981.9102,10987.1699,0
2019-04-22 21:53:00,10986.3701,10986.9697,10981.8496,10986.0000,0
2019-04-22 21:52:00,10982.6699,10987.8896,10982.6699,10986.2900,0
2019-04-22 21:51:00,10988.3203,10988.3203,10983.5596,10987.1201,0
2019-04-22 21:50:00,10987.6797,10987.9697,10981.5303,10987.8604,0
2019-04-22 21:49:00,10984.7998,10987.8203,10981.5898,10987.8203,0
2019-04-22 21:48:00,10978.9697,10986.3896,10978.9697,10984.4697,0
2019-04-22 21:47:00,10986.8701,10986.8701,10978.8799,10980.6299,0
2019-04-22 21:46:00,10982.9902,10987.2500,10981.5703,10987.2500,0
2019-04-22 21:45:00,10977.7803,10984.8496,10977.2598,10982.0703,0
2019-04-22 21:44:00,10979.4102,10979.8398,10973.9902,10977.4902,0
2019-04-22 21:43:00,10978.4199,10979.2998,10973.7803,10979.2998,0
2019-04-22 21:42:00,10974.0498,10980.8799,10974.0498,10978.9697,0
2019-04-22 21:41:00,10976.9902,10979.5000,10973.6299,10977.8096,0
2019-04-22 21:40:00,10973.3301,10978.0098,10973.3301,10977.7402,0
2019-04-22 21:39:00,10971.4697,10977.9697,10971.4697,10972.7998,0
2019-04-22 21:38:00,10967.3203,10972.5801,10967.3096,10971.2305,0
2019-04-22 21:37:00,10971.4600,10972.5195,10966.0098,10971.7197,0
2019-04-22 21:36:00,10968.3604,10971.7803,10965.6201,10971.2500,0
2019-04-22 21:35:00,10967.4502,10967.5400,10962.5801,10967.5195,0
2019-04-22 21:34:00,10962.0996,10968.4297,10962.0996,10962.7598,0
2019-04-22 21:33:00,10965.2002,10966.6904,10961.6699,10961.6699,0
2019-04-22 21:32:00,10964.2900,10966.6104,10961.0996,10961.9502,0
2019-04-22 21:31:00,10959.3203,10967.0400,10959.3203,10960.3203,0
2019-04-22 21:30:00,10963.3203,10963.6602,10957.7803,10959.5996,0
2019-04-22 21:29:00,10956.4102,10959.5195,10953.2002,10958.8604,0
2019-04-22 21:28:00,10952.4902,10956.4297,10951.8496,10956.4297,0
2019-04-22 21:27:00,10956.7500,10958.0996,10951.2100,10951.7100,0
2019-04-22 21:26:00,10951.0195,10956.2803,10950.7998,10952.2695,0
2019-04-22 21:25:00,10955.0400,10955.3896,10950.0898,10951.1201,0
2019-04-22 21:24:00,10949.6299,10956.6104,10949.6299,10956.6104,0
2019-04-22 21:23:00,10954.9502,10956.3398,10949.2998,10949.2998,0
2019-04-22 21:22:00,10951.9902,10956.8896,10950.9902,10951.2500,0
2019-04-22 21:21:00,10954.2598,10955.8203,10949.2998,10952.0498,0
2019-04-22 21:20:00,10955.7197,10957.6504,10950.3496,10950.3496,0
2019-04-22 21:19:00,10958.5098,10959.2305,10952.3096,10955.8203,0
2019-04-22 21:18:00,10962.4902,10962.4902,10954.1201,10954.1201,0
2019-04-22 21:17:00,10957.1602,10961.9297,10956.6602,10958.6201,0
2019-04-22 21:16:00,10956.9004,10961.8604,10955.0400,10956.9600,0
2019-04-22 21:15:00,10964.8203,10969.1504,10957.0596,10957.4502,0
2019-04-22 21:14:00,10965.1904,10966.9600,10964.2402,10965.0098,0
2019-04-22 21:13:00,10974.1104,10974.1104,10964.9102,10964.9102,0
2019-04-22 21:12:00,10977.5303,10978.7305,10968.5703,10968.5703,0
2019-04-22 21:11:00,10977.8799,10981.7500,10973.2998,10973.2998,0
2019-04-22 21:10:00,10984.1699,10986.5801,10977.1699,10977.1699,0
2019-04-22 21:09:00,10984.6797,10989.0898,10984.1201,10984.8096,0
2019-04-22 21:08:00,10985.3896,10985.9297,10984.1602,10984.5801,0
2019-04-22 21:07:00,10987.8301,10992.3398,10984.9004,10985.0303,0
2019-04-22 21:06:00,10987.5098,10992.1602,10986.5303,10992.1602,0
2019-04-22 21:05:00,10997.5801,11001.8496,10988.3301,10988.8203,0
2019-04-22 21:04:00,11002.8398,11002.8398,10997.0098,10997.0098,0
2019-04-22 21:03:00,11004.0195,11007.4697,11002.7598,11003.4502,0
2019-04-22 21:02:00,11006.4600,11009.9102,11003.4297,11003.4297,0
2019-04-22 21:01:00,10994.2803,11011.5195,10994.2803,11005.5996,0
2019-04-22 01:30:00,10985.0898,10985.0898,10985.0898,10985.0898,0
2019-04-22 01:29:00,10985.0898,10985.0898,10985.0898,10985.0898,0
2019-04-22 01:28:00,10985.0898,10985.0898,10985.0898,10985.0898,0
2019-04-22 01:27:00,10985.0898,10985.0898,10985.0898,10985.0898,0
2019-04-22 01:26:00,10985.0898,10985.0898,10985.0898,10985.0898,0
2019-04-22 01:25:00,10984.1699,10986.8604,10978.4004,10986.7803,0
2019-04-22 01:24:00,10982.0000,10985.5400,10981.7803,10985.5400,0
2019-04-22 01:23:00,10985.2100,10985.2100,10976.5996,10983.0000,0
2019-04-22 01:22:00,10981.4404,10986.3398,10976.1699,10985.3896,0
2019-04-22 01:21:00,10981.1904,10982.2998,10976.4102,10981.8203,0
2019-04-22 01:20:00,10981.0400,10983.1602,10976.8604,10983.1602,0
2019-04-22 01:19:00,10981.7598,10983.0801,10981.0703,10983.0303,0
2019-04-22 01:18:00,10983.0801,10983.8301,10976.5098,10976.5098,0
2019-04-22 01:17:00,10975.9004,10982.5801,10975.9004,10982.5801,0
2019-04-22 01:16:00,10975.1299,10980.8301,10975.1299,10980.0596,0
2019-04-22 01:15:00,10983.6504,10983.6504,10975.4502,10975.9600,0
2019-04-22 01:14:00,10978.5000,10983.9502,10977.6699,10982.6396,0
2019-04-22 01:13:00,10980.9199,10983.5801,10975.8604,10983.2197,0
2019-04-22 01:12:00,10976.4502,10981.9199,10975.7197,10977.0898,0
2019-04-22 01:11:00,10976.4404,10983.0000,10976.4199,10977.7402,0
2019-04-22 01:10:00,10977.7402,10984.0703,10976.0898,10977.2598,0
2019-04-22 01:09:00,10978.0801,10982.8701,10977.2695,10977.6602,0
2019-04-22 01:08:00,10980.7803,10982.0303,10977.0400,10982.0303,0
2019-04-22 01:07:00,10977.6797,10981.8203,10976.3203,10976.3203,0
2019-04-22 01:06:00,10978.4102,10978.5195,10977.1201,10978.2500,0
2019-04-22 01:05:00,10977.7803,10983.6602,10977.1201,10982.4805,0
2019-04-22 01:04:00,10976.9404,10981.4502,10976.4297,10978.4600,0
2019-04-22 01:03:00,10977.8398,10981.6504,10976.9697,10978.2500,0
2019-04-22 01:02:00,10980.0195,10980.0195,10977.5303,10977.5303,0
2019-04-22 01:01:00,10982.1201,10984.7500,10976.4600,10984.7500,0
2019-04-22 01:00:00,10977.3701,10982.8496,10977.3203,10977.5400,0
2019-04-22 00:59:00,10983.6904,10983.6904,10977.4004,10977.5000,0
2019-04-22 00:58:00,10977.8496,10978.9102,10977.2002,10978.7197,0
2019-04-22 00:57:00,10979.3604,10979.5400,10977.9297,10978.0498,0
2019-04-22 00:56:00,10979.9102,10979.9102,10978.9502,10979.6699,0
2019-04-22 00:55:00,10983.3604,10985.4502,10980.0000,10980.0703,0
2019-04-22 00:54:00,10983.6299,10985.0801,10982.3096,10984.4404,0
2019-04-22 00:53:00,10983.3096,10985.2900,10983.3096,10984.6396,0
2019-04-22 00:52:00,10985.4805,10986.0898,10982.8301,10982.8301,0
2019-04-22 00:51:00,10984.0098,10987.2998,10984.0098,10985.2197,0
2019-04-22 00:50:00,10985.5996,10985.9805,10982.7998,10984.2900,0
2019-04-22 00:49:00,10986.2402,10986.8604,10984.2598,10985.3604,0
2019-04-22 00:48:00,10985.3496,10986.4902,10984.9004,10986.0801,0
2019-04-22 00:47:00,10985.3398,10986.9697,10984.5498,10985.5400,0
2019-04-22 00:46:00,10986.1699,10987.0996,10984.5098,10985.9805,0
2019-04-22 00:45:00,10986.1699,10986.1699,10986.1699,10986.1699,0
2019-04-22 00:44:00,10984.2695,10988.1699,10983.4404,10985.1797,0
2019-04-22 00:43:00,10985.5596,10985.5596,10982.5303,10985.0303,0
2019-04-22 00:42:00,10984.8398,10988.6504,10983.3896,10985.1396,0
2019-04-22 00:41:00,10984.3701,10989.2305,10983.8701,10985.3701,0
2019-04-22 00:40:00,10983.0596,10985.5195,10983.0596,10984.2305,0
2019-04-22 00:39:00,10983.7197,10983.7197,10981.5498,10982.8203,0
2019-04-22 00:38:00,10982.5098,10986.6797,10982.3496,10984.4697,0
2019-04-22 00:37:00,10983.8301,10987.5801,10982.1104,10982.1104,0
2019-04-22 00:36:00,10983.3799,10988.7500,10983.3799,10984.1201,0
2019-04-22 00:35:00,10982.9102,10988.0596,10982.5898,10987.9502,0
2019-04-22 00:34:00,10982.8799,10987.4502,10981.6699,10981.6699,0
2019-04-22 00:33:00,10983.2900,10987.5303,10982.1396,10986.6602,0
2019-04-22 00:32:00,10987.0195,10988.4502,10983.3799,10984.4004,0
2019-04-22 00:31:00,10982.8398,10988.7305,10982.0303,10982.7002,0
2019-04-22 00:30:00,10983.1396,10988.0400,10982.4697,10986.4004,0
2019-04-22 00:29:00,10985.4404,10987.2998,10981.6504,10986.7598,0
2019-04-22 00:28:00,10987.9102,10987.9102,10982.0703,10985.5098,0
2019-04-22 00:27:00,10987.8096,10988.5195,10982.3701,10988.5195,0
2019-04-22 00:26:00,10984.4697,10988.7598,10982.7803,10983.2305,0
2019-04-22 00:25:00,10984.0000,10989.2197,10983.9697,10984.7695,0
2019-04-22 00:24:00,10983.6904,10988.0801,10980.0400,10984.2402,0
2019-04-22 00:23:00,10978.2598,10984.6602,10978.2002,10984.0195,0
2019-04-22 00:22:00,10983.0498,10983.0498,10978.0098,10981.5498,0
2019-04-22 00:21:00,10979.9297,10983.0098,10978.5996,10979.0098,0
2019-04-22 00:20:00,10983.8203,10984.6602,10977.6699,10984.6602,0
2019-04-22 00:19:00,10984.1104,10984.1104,10977.3799,10983.8496,0
2019-04-22 00:18:00,10978.4502,10985.2695,10978.4502,10983.9600,0
2019-04-22 00:17:00,10977.0195,10981.8203,10976.0195,10978.1699,0
2019-04-22 00:16:00,10978.7100,10984.0498,10978.7100,10981.9004,0
2019-04-22 00:15:00,10978.6104,10982.7998,10977.0898,10978.9902,0
2019-04-22 00:14:00,10978.4004,10983.7803,10978.3096,10978.6201,0
2019-04-22 00:13:00,10980.9004,10985.2100,10979.1396,10982.8203,0
2019-04-22 00:12:00,10978.8203,10986.2100,10978.0098,10986.2100,0
2019-04-22 00:11:00,10977.0098,10982.5801,10977.0098,10978.8896,0
2019-04-22 00:10:00,10974.9600,10981.7803,10974.9600,10977.2402,0
2019-04-22 00:09:00,10976.7598,10980.5098,10974.8203,10974.8203,0
2019-04-22 00:08:00,10980.7998,10980.7998,10976.0801,10980.5498,0
2019-04-22 00:07:00,10976.4199,10976.8496,10976.0400,10976.3896,0
2019-04-22 00:06:00,10976.0996,10976.1299,10975.4102,10975.9199,0
2019-04-22 00:05:00,10976.6797,10978.2900,10976.6104,10976.9502,0
2019-04-22 00:03:00,10976.5000,10976.8203,10976.1504,10976.4199,0
2019-04-22 00:02:00,10978.5801,10978.5801,10977.0000,10977.9199,0
2019-04-22 00:01:00,10978.2900,10979.0400,10976.9297,10978.4199,0
2019-04-22 00:00:00,10976.9297,10979.4297,10976.9297,10977.9805,0
2019-04-21 23:59:00,10983.9199,10984.9697,10978.2197,10978.2305,0
2019-04-21 23:58:00,10984.3203,10984.9404,10983.8701,10984.1602,0
2019-04-21 23:57:00,10983.7598,10985.7598,10983.7598,10984.8896,0
2019-04-21 23:56:00,10985.0996,10985.6904,10984.0498,10984.4697,0
2019-04-21 23:55:00,10985.5898,10985.5898,10984.5996,10985.1504,0
2019-04-21 23:54:00,10986.1904,10986.1904,10983.7803,10984.8203,0
2019-04-21 23:53:00,10985.8398,10986.9600,10985.8398,10986.3701,0
2019-04-21 23:52:00,10989.0098,10993.4404,10985.2197,10985.2197,0
2019-04-21 23:51:00,10993.8799,10993.8799,10988.3799,10989.2197,0
2019-04-21 23:50:00,10991.8398,10992.9600,10988.6201,10989.3701,0
2019-04-21 23:49:00,10988.8096,10993.4199,10988.5303,10991.8896,0
2019-04-21 23:48:00,10987.8896,10989.1797,10987.1602,10988.8398,0
2019-04-21 23:47:00,10989.8398,10995.1904,10988.3398,10988.3398,0
2019-04-21 23:46:00,10994.2900,10995.8496,10989.6904,10991.9102,0
2019-04-21 23:45:00,10991.0303,10994.7100,10990.0498,10990.2900,0
2019-04-21 23:44:00,10994.5703,10994.5703,10988.9199,10990.3799,0
2019-04-21 23:43:00,10994.5996,10996.0195,10989.7998,10990.6396,0
2019-04-21 23:42:00,10990.4502,10995.2803,10990.4502,10990.9600,0
2019-04-21 23:41:00,10994.8896,10994.9404,10989.5996,10990.5195,0
2019-04-21 23:40:00,10995.9805,11000.7598,10994.7695,10995.1797,0
2019-04-21 23:39:00,10994.4902,11000.9404,10994.4902,10995.7305,0
2019-04-21 23:38:00,10999.9404,10999.9404,10994.6797,10994.6797,0
2019-04-21 23:37:00,10996.0703,11000.1602,10995.3799,10995.3799,0
2019-04-21 23:36:00,10997.7998,11000.6396,10997.0498,11000.6396,0
2019-04-21 23:35:00,10994.7900,11001.2305,10994.7900,10997.6504,0
2019-04-21 23:34:00,10996.7197,11001.6396,10994.1602,10994.1602,0
2019-04-21 23:33:00,10991.3398,10996.7305,10991.1699,10996.7305,0
2019-04-21 23:32:00,10992.9902,10996.3301,10992.0000,10992.0996,0
2019-04-21 23:31:00,10991.1201,10997.4199,10991.1201,10993.0195,0
2019-04-21 23:30:00,10996.0801,10996.9199,10990.5000,10992.2100,0
2019-04-21 23:29:00,10996.0801,10996.0801,10996.0801,10996.0801,0
2019-04-21 23:28:00,10992.7100,10997.2500,10992.3398,10992.9600,0
2019-04-21 23:27:00,10992.9697,10996.7695,10991.7695,10993.1602,0
2019-04-21 23:26:00,10998.0303,10998.0303,10992.9902,10993.2900,0
2019-04-21 23:25:00,10994.2002,10997.8799,10992.5303,10993.7598,0
2019-04-21 23:24:00,10993.7900,10994.7305,10992.5703,10992.5703,0
2019-04-21 23:23:00,10994.9102,10999.1699,10993.4902,10993.4902,0
2019-04-21 23:22:00,10994.7803,10999.1699,10993.0898,10998.9902,0
2019-04-21 23:21:00,10994.0898,10999.5400,10994.0898,10998.9404,0
2019-04-21 23:20:00,10995.6299,11000.0195,10993.1797,10993.9102,0
2019-04-21 23:19:00,10995.1504,10999.3301,10992.9805,10992.9805,0
2019-04-21 23:18:00,10997.4697,10999.0898,10994.0400,10994.8896,0
2019-04-21 23:17:00,10992.7402,10997.5996,10992.7402,10992.7500,0
2019-04-21 23:16:00,10996.9600,10998.9600,10992.4805,10993.5098,0
2019-04-21 23:15:00,10993.8301,10998.6504,10993.4102,10993.4102,0
2019-04-21 23:14:00,10993.6104,11000.0303,10993.6104,10994.4004,0
2019-04-21 23:13:00,10994.3604,10998.2100,10993.3203,10993.5400,0
2019-04-21 23:12:00,10995.5098,10995.5098,10993.6299,10994.1797,0
2019-04-21 23:11:00,10994.4600,11000.8301,10994.4600,11000.8301,0
2019-04-21 23:10:00,10995.8203,11001.4697,10994.7803,10994.7803,0
2019-04-21 23:09:00,10997.5303,11001.8096,10995.9004,10995.9004,0
2019-04-21 23:08:00,10997.6201,11002.1104,10997.0801,11001.8799,0
2019-04-21 23:07:00,10995.6699,10999.6904,10995.1602,10997.2998,0
2019-04-21 23:06:00,10996.3301,10999.0000,10995.7402,10995.7402,0
2019-04-21 23:05:00,10998.6396,10999.3799,10997.4600,10997.4600,0
2019-04-21 23:04:00,10999.0000,10999.0000,10997.2900,10997.9102,0
2019-04-21 23:03:00,10996.6602,11002.8301,10996.6602,10998.1201,0
2019-04-21 23:02:00,10998.1602,11003.1699,10996.9199,10996.9199,0
2019-04-21 23:01:00,10999.7305,11000.5801,10999.5303,10999.5303,0
2019-04-21 23:00:00,11001.4805,11001.4805,11000.5400,11000.7305,0
2019-04-21 22:59:00,11001.7998,11006.7100,11001.3496,11001.5703,0
2019-04-21 22:58:00,11006.0898,11006.0898,10999.4502,11001.7998,0
2019-04-21 22:57:00,11002.2598,11006.5303,11000.0098,11005.4502,0
2019-04-21 22:56:00,11001.8604,11006.0996,11001.6396,11001.9600,0
2019-04-21 22:55:00,11002.4102,11006.6699,11001.7998,11002.3203,0
2019-04-21 22:54:00,11001.9600,11007.0596,11001.1201,11002.2002,0
2019-04-21 22:53:00,11003.4297,11006.5498,11002.0400,11002.1699,0
2019-04-21 22:52:00,11002.7500,11007.2900,11002.1104,11002.8701,0
2019-04-21 22:51:00,11002.9102,11007.0098,11001.0498,11001.0498,0
2019-04-21 22:50:00,11003.9404,11006.8896,11001.1104,11006.8896,0
2019-04-21 22:49:00,11003.1602,11007.8096,11002.4004,11003.3096,0
2019-04-21 22:48:00,10999.9502,11007.2402,10999.9502,11003.7402,0
2019-04-21 22:47:00,11001.4805,11005.5801,11000.5098,11000.9600,0
2019-04-21 22:46:00,10999.5400,11006.1699,10999.5400,11001.2197,0
2019-04-21 22:45:00,11005.3896,11005.3896,10999.4902,10999.4902,0
2019-04-21 22:44:00,10999.9502,11005.6797,10999.9502,11005.6797,0
2019-04-21 22:43:00,10999.9502,11004.2695,10999.7695,11004.2695,0
2019-04-21 22:42:00,11001.0801,11001.0801,10999.2900,10999.9199,0
2019-04-21 22:41:00,11000.7002,11001.6699,11000.4600,11000.8701,0
2019-04-21 22:40:00,11000.0801,11001.1797,11000.0801,11000.8701,0
2019-04-21 22:39:00,11000.4697,11000.4697,10999.1602,10999.9600,0
2019-04-21 22:38:00,11000.7002,11003.8398,10998.3701,11000.0996,0
2019-04-21 22:37:00,11001.0801,11004.2100,10998.9600,10998.9600,0
2019-04-21 22:36:00,11000.3096,11001.1504,10999.7695,11001.0498,0
2019-04-21 22:35:00,11006.0195,11006.1797,11000.5000,11002.0303,0
2019-04-21 22:34:00,11002.4199,11006.3604,11001.5400,11001.9102,0
2019-04-21 22:33:00,11002.7305,11006.8398,11001.0801,11006.4199,0
2019-04-21 22:32:00,11002.4199,11004.8604,11000.4502,11002.2197,0
2019-04-21 22:31:00,11001.9102,11007.0801,11001.9102,11002.5098,0
2019-04-21 22:30:00,11006.9297,11006.9297,10999.9697,11002.4697,0
2019-04-21 22:29:00,11002.5195,11007.1504,11002.0498,11002.4697,0
2019-04-21 22:28:00,11003.1396,11007.5195,11001.5898,11002.9600,0
2019-04-21 22:27:00,11002.8701,11007.0898,11002.4102,11002.5400,0
2019-04-21 22:26:00,11008.1104,11008.1104,11002.7998,11003.1299,0
2019-04-21 22:25:00,11004.0801,11009.4404,11004.0801,11008.1699,0
2019-04-21 22:24:00,11009.0498,11009.5400,11003.9297,11003.9297,0
2019-04-21 22:23:00,11004.2900,11008.4697,11003.5400,11004.7500,0
2019-04-21 22:22:00,11007.3799,11008.8799,11003.1602,11008.8096,0
2019-04-21 22:21:00,11005.8203,11007.2002,11001.5801,11002.8799,0
2019-04-21 22:20:00,11005.7998,11006.6904,11001.5098,11002.5195,0
2019-04-21 22:19:00,11001.8301,11005.4902,11000.3203,11001.1396,0
2019-04-21 22:18:00,11001.3096,11002.2402,10997.2305,11001.7900,0
2019-04-21 22:17:00,10998.5098,11003.1504,10997.4902,11001.6396,0
2019-04-21 22:16:00,10996.6104,11003.9004,10996.6104,10998.7598,0
2019-04-21 22:15:00,10998.5996,11002.4297,10996.2002,10996.3604,0
2019-04-21 22:14:00,10998.1699,11002.9199,10997.0898,10998.1299,0
2019-04-21 22:13:00,10997.9297,11002.0596,10997.6699,10998.2305,0
2019-04-21 22:12:00,10999.7197,11003.5498,10997.5996,10997.5996,0
2019-04-21 22:11:00,11000.2500,11000.2500,10998.3701,10998.3701,0
2019-04-21 22:10:00,11000.4297,11005.6504,11000.4297,11001.7197,0
2019-04-21 22:09:00,11002.0303,11002.1396,11000.4404,11000.4404,0
2019-04-21 22:08:00,11003.3301,11003.3301,11001.7803,11002.7900,0
2019-04-21 22:07:00,11004.3896,11007.8301,11001.9697,11002.0596,0
2019-04-21 22:06:00,11009.8701,11009.8701,11003.2002,11003.7500,0
2019-04-21 22:05:00,11010.6504,11014.9502,11009.3301,11009.9805,0
2019-04-21 22:04:00,11011.4297,11011.4297,11010.2598,11011.1797,0
2019-04-21 22:03:00,11011.7402,11011.9199,11010.2500,11010.2500,0
2019-04-21 22:02:00,11011.9199,11013.2100,11011.7402,11011.9502,0
2019-04-21 22:01:00,11012.6504,11013.2998,11010.7100,11011.4102,0
2019-04-21 22:00:00,11013.5996,11016.8301,11011.8496,11012.0303,0
2019-04-21 21:59:00,11014.5801,11018.0098,11012.2402,11014.0195,0
2019-04-21 21:58:00,11014.9902,11014.9902,11009.0303,11013.6504,0
2019-04-21 21:57:00,11010.3496,11010.9102,11009.6104,11010.7900,0
2019-04-21 21:56:00,11015.1396,11015.7695,11009.5703,11010.1396,0
2019-04-21 21:55:00,11013.3096,11014.9697,11012.5996,11014.9697,0
2019-04-21 21:54:00,11014.4404,11014.8203,11012.2197,11012.2197,0
2019-04-21 21:53:00,11019.3896,11019.3896,11013.3604,11014.7305,0
2019-04-21 21:52:00,11014.5498,11015.2598,11014.2402,11015.1201,0
2019-04-21 21:51:00,11015.5898,11015.8701,11014.0098,11014.2100,0
2019-04-21 21:50:00,11014.3203,11019.7002,11012.6504,11019.7002,0
2019-04-21 21:49:00,11013.7002,11018.4697,11013.7002,11014.3496,0
2019-04-21 21:48:00,11014.6904,11015.7803,11014.6904,11015.5996,0
2019-04-21 21:47:00,11009.5400,11013.2500,11008.5898,11013.2500,0
2019-04-21 21:46:00,11009.0000,11014.6904,11007.6504,11009.5098,0
2019-04-21 21:45:00,11013.1904,11014.0596,11009.2900,11009.7402,0
2019-04-21 21:44:00,11010.3896,11013.0195,11009.8203,11013.0195,0
2019-04-21 21:43:00,11008.0801,11009.0996,11008.0801,11008.9102,0
2019-04-21 21:42:00,11007.3604,11011.5996,11006.6504,11008.0596,0
2019-04-21 21:41:00,11004.9004,11011.2998,11004.8203,11006.8203,0
2019-04-21 21:40:00,11005.5498,11010.8896,11004.0195,11004.0195,0
2019-04-21 21:39:00,11006.5195,11010.5098,11004.8203,11005.7100,0
2019-04-21 21:38:00,11010.2305,11010.2998,11000.9502,11000.9502,0
2019-04-21 21:37:00,11008.5898,11014.0801,11008.5898,11010.4697,0
2019-04-21 21:36:00,11013.2402,11013.2402,11007.8604,11010.4697,0
2019-04-21 21:35:00,11009.2100,11014.3496,11009.0303,11014.3496,0
2019-04-21 21:34:00,11014.6201,11014.6201,11008.9004,11010.1396,0
2019-04-21 21:33:00,11017.0801,11017.0801,11013.3896,11014.6797,0
2019-04-21 21:32:00,11014.3701,11018.4902,11013.6504,11017.6797,0
2019-04-21 21:31:00,11016.0498,11020.1699,11014.0801,11014.4697,0
2019-04-21 21:30:00,11016.5195,11021.5996,11014.6602,11015.7002,0
2019-04-21 21:29:00,11014.9404,11021.1299,11014.9404,11016.8096,0
2019-04-21 21:28:00,11014.7998,11019.8496,11014.7998,11015.0898,0
2019-04-21 21:27:00,11015.0098,11015.7305,11013.6602,11014.5996,0
2019-04-21 21:26:00,11013.9199,11015.3896,11013.4697,11015.3496,0
2019-04-21 21:25:00,11013.5596,11014.4297,11013.5596,11013.8203,0
2019-04-21 21:24:00,11013.9805,11018.3096,11012.1396,11013.5898,0
2019-04-21 21:23:00,11011.9600,11017.4199,11011.9600,11013.0303,0
2019-04-21 21:22:00,11016.0801,11016.0801,11010.4600,11011.8301,0
2019-04-21 21:21:00,11011.5098,11016.9502,11011.0801,11016.9502,0
2019-04-21 21:20:00,11017.0098,11017.0098,11011.9404,11012.4004,0
2019-04-21 21:19:00,11012.2998,11013.3604,11011.2695,11012.9297,0
2019-04-21 21:18:00,11012.2402,11012.6904,11011.7500,11012.5195,0
2019-04-21 21:17:00,11017.4102,11018.0703,11011.7598,11011.7598,0
2019-04-21 21:16:00,11013.8604,11014.5801,11012.2900,11013.8701,0
2019-04-21 21:15:00,11013.1504,11018.2598,11012.1104,11014.1504,0
2019-04-21 21:14:00,11012.6104,11017.9102,11012.6104,11012.6602,0
2019-04-21 21:13:00,11018.3096,11018.9600,11013.7002,11013.7002,0
2019-04-21 21:12:00,11014.9805,11018.2695,11009.4199,11014.1504,0
2019-04-21 21:11:00,11010.2598,11015.2500,11009.7402,11015.2500,0
2019-04-21 21:10:00,11011.7500,11014.0000,11007.0195,11009.6797,0
2019-04-21 21:09:00,11003.0703,11011.2695,11003.0703,11011.2695,0
2019-04-21 21:08:00,11004.1602,11008.1104,11002.3203,11004.0996,0
2019-04-21 21:07:00,11009.4404,11010.1299,11002.9805,11008.7002,0
2019-04-21 21:06:00,11007.5000,11011.3301,11007.5000,11009.2500,0
2019-04-21 21:05:00,11012.4697,11012.4697,11006.5703,11011.1396,0
2019-04-21 21:04:00,11014.2100,11014.2100,11008.4502,11012.2197,0
2019-04-21 21:03:00,11016.4502,11016.4502,11010.5498,11014.7598,0
2019-04-21 21:02:00,11022.7002,11025.7598,11016.8604,11016.8604,0
2019-04-21 21:01:00,10994.5195,11027.4902,10994.5195,11027.4902,0
